# Blender v2.80 (sub 75) OBJ File: 'column_0001.blend'
# www.blender.org
o Cube.001
v 0.000000 0.079556 -0.456497
v 0.118150 0.079556 -0.440942
v 0.228248 0.079556 -0.395338
v 0.322792 0.079556 -0.322792
v 0.395338 0.079556 -0.228248
v 0.440942 0.079556 -0.118150
v 0.456497 0.049592 -0.000000
v 0.456497 0.079556 -0.000000
v 0.440942 0.079556 0.118150
v 0.395338 0.079556 0.228248
v 0.322792 0.079556 0.322792
v 0.228249 0.079556 0.395338
v 0.118150 0.079556 0.440942
v 0.000000 0.079556 0.456497
v -0.118150 0.079556 0.440942
v -0.228248 0.079556 0.395338
v -0.322792 0.079556 0.322792
v -0.395338 0.079556 0.228249
v -0.440942 0.079556 0.118150
v -0.456497 0.049592 0.000000
v -0.456497 0.079556 0.000000
v -0.440942 0.079556 -0.118150
v -0.395338 0.079556 -0.228248
v -0.322792 0.079556 -0.322792
v -0.228249 0.079556 -0.395338
v -0.118150 0.079556 -0.440942
v 0.098094 0.131510 -0.366091
v 0.000000 0.131510 -0.379006
v 0.189503 0.131510 -0.328229
v 0.267997 0.131510 -0.267997
v 0.328229 0.131510 -0.189503
v 0.366091 0.131510 -0.098094
v 0.379006 0.131510 -0.000000
v 0.366091 0.131510 0.098094
v 0.328229 0.131510 0.189503
v 0.267998 0.131510 0.267997
v 0.189503 0.131510 0.328229
v 0.098094 0.131510 0.366091
v 0.000000 0.131510 0.379006
v -0.098094 0.131510 0.366091
v -0.189503 0.131510 0.328229
v -0.267997 0.131510 0.267998
v -0.328228 0.131510 0.189503
v -0.366091 0.131510 0.098094
v -0.379006 0.131510 0.000000
v -0.366091 0.131510 -0.098094
v -0.328229 0.131510 -0.189503
v -0.267998 0.131510 -0.267997
v -0.189503 0.131510 -0.328228
v -0.098094 0.131510 -0.366091
v 0.098094 0.151809 -0.366091
v 0.000000 0.151809 -0.379006
v 0.189503 0.151809 -0.328229
v 0.267997 0.151809 -0.267997
v 0.328229 0.151809 -0.189503
v 0.366091 0.151809 -0.098094
v 0.379006 0.151809 -0.000000
v 0.366091 0.151809 0.098094
v 0.328229 0.151809 0.189503
v 0.267998 0.151809 0.267997
v 0.189503 0.151809 0.328229
v 0.098094 0.151809 0.366091
v 0.000000 0.151809 0.379006
v -0.098094 0.151809 0.366091
v -0.189503 0.151809 0.328229
v -0.267997 0.151809 0.267998
v -0.328228 0.151809 0.189503
v -0.366091 0.151809 0.098094
v -0.379006 0.151809 0.000000
v -0.366091 0.151809 -0.098094
v -0.328229 0.151809 -0.189503
v -0.267998 0.151809 -0.267997
v -0.189503 0.151809 -0.328228
v -0.098094 0.151809 -0.366091
v 0.103237 0.173275 -0.385286
v 0.000000 0.173275 -0.398877
v 0.199439 0.173275 -0.345438
v 0.282049 0.173275 -0.282049
v 0.345438 0.173275 -0.199439
v 0.385286 0.173275 -0.103237
v 0.398877 0.173275 -0.000000
v 0.385286 0.173275 0.103237
v 0.345438 0.173275 0.199439
v 0.282049 0.173275 0.282049
v 0.199439 0.173275 0.345438
v 0.103237 0.173275 0.385286
v 0.000000 0.173275 0.398877
v -0.103237 0.173275 0.385286
v -0.199438 0.173275 0.345438
v -0.282049 0.173275 0.282049
v -0.345438 0.173275 0.199439
v -0.385286 0.173275 0.103237
v -0.398877 0.173275 0.000000
v -0.385286 0.173275 -0.103237
v -0.345438 0.173275 -0.199438
v -0.282049 0.173275 -0.282049
v -0.199439 0.173275 -0.345438
v -0.103237 0.173275 -0.385286
v 0.103237 0.202046 -0.385286
v 0.000000 0.202046 -0.398877
v 0.199439 0.202046 -0.345438
v 0.282049 0.202046 -0.282049
v 0.345438 0.202046 -0.199439
v 0.385286 0.202046 -0.103237
v 0.398877 0.202046 -0.000000
v 0.385286 0.202046 0.103237
v 0.345438 0.202046 0.199439
v 0.282049 0.202046 0.282049
v 0.199439 0.202046 0.345438
v 0.103237 0.202046 0.385286
v 0.000000 0.202046 0.398877
v -0.103237 0.202046 0.385286
v -0.199438 0.202046 0.345438
v -0.282049 0.202046 0.282049
v -0.345438 0.202046 0.199439
v -0.385286 0.202046 0.103237
v -0.398877 0.202046 0.000000
v -0.385286 0.202046 -0.103237
v -0.345438 0.202046 -0.199438
v -0.282049 0.202046 -0.282049
v -0.199439 0.202046 -0.345438
v -0.103237 0.202046 -0.385286
v 0.099188 0.220053 -0.370175
v 0.000000 0.220053 -0.383233
v 0.191617 0.220053 -0.331890
v 0.270987 0.220053 -0.270987
v 0.331890 0.220053 -0.191617
v 0.370175 0.220053 -0.099188
v 0.383233 0.220053 -0.000000
v 0.370175 0.220053 0.099188
v 0.331890 0.220053 0.191616
v 0.270987 0.220053 0.270987
v 0.191617 0.220053 0.331890
v 0.099188 0.220053 0.370175
v 0.000000 0.220053 0.383233
v -0.099188 0.220053 0.370175
v -0.191616 0.220053 0.331890
v -0.270987 0.220053 0.270987
v -0.331890 0.220053 0.191617
v -0.370175 0.220053 0.099188
v -0.383233 0.220053 0.000000
v -0.370175 0.220053 -0.099188
v -0.331890 0.220053 -0.191616
v -0.270987 0.220053 -0.270987
v -0.191617 0.220053 -0.331889
v -0.099188 0.220053 -0.370175
v 0.095141 0.317191 -0.355070
v 0.000000 0.317191 -0.367596
v 0.183798 0.317191 -0.318347
v 0.259929 0.317191 -0.259929
v 0.318347 0.317191 -0.183798
v 0.355070 0.317191 -0.095141
v 0.367596 0.317191 -0.000000
v 0.355070 0.317191 0.095141
v 0.318347 0.317191 0.183798
v 0.259929 0.317191 0.259929
v 0.183798 0.317191 0.318347
v 0.095141 0.317191 0.355070
v 0.000000 0.317191 0.367596
v -0.095141 0.317191 0.355070
v -0.183798 0.317191 0.318347
v -0.259929 0.317191 0.259930
v -0.318347 0.317191 0.183798
v -0.355070 0.317191 0.095141
v -0.367596 0.317191 0.000000
v -0.355070 0.317191 -0.095141
v -0.318347 0.317191 -0.183798
v -0.259930 0.317191 -0.259929
v -0.183798 0.317191 -0.318347
v -0.095141 0.317191 -0.355070
v 0.096937 0.328608 -0.361774
v 0.000000 0.328608 -0.374536
v 0.187268 0.328608 -0.324358
v 0.264837 0.328608 -0.264837
v 0.324358 0.328608 -0.187268
v 0.361774 0.328608 -0.096937
v 0.374536 0.328608 -0.000000
v 0.361774 0.328608 0.096937
v 0.324358 0.328608 0.187268
v 0.264837 0.328608 0.264837
v 0.187268 0.328608 0.324358
v 0.096937 0.328608 0.361774
v 0.000000 0.328608 0.374536
v -0.096937 0.328608 0.361774
v -0.187268 0.328608 0.324358
v -0.264837 0.328608 0.264837
v -0.324358 0.328608 0.187268
v -0.361774 0.328608 0.096937
v -0.374536 0.328608 0.000000
v -0.361774 0.328608 -0.096937
v -0.324358 0.328608 -0.187268
v -0.264837 0.328608 -0.264837
v -0.187268 0.328608 -0.324358
v -0.096937 0.328608 -0.361774
v 0.096937 0.338912 -0.361774
v 0.000000 0.338912 -0.374536
v 0.187268 0.338912 -0.324358
v 0.264837 0.338912 -0.264837
v 0.324358 0.338912 -0.187268
v 0.361774 0.338912 -0.096937
v 0.374536 0.338912 -0.000000
v 0.361774 0.338912 0.096937
v 0.324358 0.338912 0.187268
v 0.264837 0.338912 0.264837
v 0.187268 0.338912 0.324358
v 0.096937 0.338912 0.361774
v 0.000000 0.338912 0.374536
v -0.096937 0.338912 0.361774
v -0.187268 0.338912 0.324358
v -0.264837 0.338912 0.264837
v -0.324358 0.338912 0.187268
v -0.361774 0.338912 0.096937
v -0.374536 0.338912 0.000000
v -0.361774 0.338912 -0.096937
v -0.324358 0.338912 -0.187268
v -0.264837 0.338912 -0.264837
v -0.187268 0.338912 -0.324358
v -0.096937 0.338912 -0.361774
v 0.087979 0.358580 -0.328341
v 0.000000 0.358580 -0.339924
v 0.169962 0.358580 -0.294383
v 0.240362 0.358580 -0.240362
v 0.294383 0.358580 -0.169962
v 0.328341 0.358580 -0.087979
v 0.339924 0.358580 -0.000000
v 0.328341 0.358580 0.087979
v 0.294383 0.358580 0.169962
v 0.240362 0.358580 0.240362
v 0.169962 0.358580 0.294383
v 0.087979 0.358580 0.328341
v 0.000000 0.358580 0.339924
v -0.087979 0.358580 0.328341
v -0.169962 0.358580 0.294383
v -0.240362 0.358580 0.240363
v -0.294383 0.358580 0.169962
v -0.328341 0.358580 0.087979
v -0.339924 0.358580 0.000000
v -0.328341 0.358580 -0.087979
v -0.294383 0.358580 -0.169962
v -0.240363 0.358580 -0.240362
v -0.169962 0.358580 -0.294382
v -0.087979 0.358580 -0.328341
v 0.087979 0.368283 -0.328341
v 0.000000 0.368283 -0.339924
v 0.169962 0.368283 -0.294383
v 0.240362 0.368283 -0.240362
v 0.294383 0.368283 -0.169962
v 0.328341 0.368283 -0.087979
v 0.339924 0.368283 -0.000000
v 0.328341 0.368283 0.087979
v 0.294383 0.368283 0.169962
v 0.240362 0.368283 0.240362
v 0.169962 0.368283 0.294383
v 0.087979 0.368283 0.328341
v 0.000000 0.368283 0.339924
v -0.087979 0.368283 0.328341
v -0.169962 0.368283 0.294383
v -0.240362 0.368283 0.240363
v -0.294383 0.368283 0.169962
v -0.328341 0.368283 0.087979
v -0.339924 0.368283 0.000000
v -0.328341 0.368283 -0.087979
v -0.294383 0.368283 -0.169962
v -0.240363 0.368283 -0.240362
v -0.169962 0.368283 -0.294382
v -0.087979 0.368283 -0.328341
v 0.090867 0.380176 -0.339120
v 0.000000 0.380176 -0.351083
v 0.175542 0.380176 -0.304047
v 0.248253 0.380176 -0.248253
v 0.304047 0.380176 -0.175542
v 0.339120 0.380176 -0.090867
v 0.351083 0.380176 -0.000000
v 0.339120 0.380176 0.090867
v 0.304047 0.380176 0.175541
v 0.248253 0.380176 0.248253
v 0.175542 0.380176 0.304047
v 0.090867 0.380176 0.339120
v 0.000000 0.380176 0.351083
v -0.090867 0.380176 0.339120
v -0.175541 0.380176 0.304047
v -0.248253 0.380176 0.248253
v -0.304047 0.380176 0.175542
v -0.339120 0.380176 0.090867
v -0.351083 0.380176 0.000000
v -0.339120 0.380176 -0.090867
v -0.304047 0.380176 -0.175541
v -0.248253 0.380176 -0.248253
v -0.175542 0.380176 -0.304047
v -0.090867 0.380176 -0.339120
v 0.090867 0.390538 -0.339120
v 0.000000 0.390538 -0.351083
v 0.175542 0.390538 -0.304047
v 0.248253 0.390538 -0.248253
v 0.304047 0.390538 -0.175542
v 0.339120 0.390538 -0.090867
v 0.351083 0.390538 -0.000000
v 0.339120 0.390538 0.090867
v 0.304047 0.390538 0.175541
v 0.248253 0.390538 0.248253
v 0.175542 0.390538 0.304047
v 0.090867 0.390538 0.339120
v 0.000000 0.390538 0.351083
v -0.090867 0.390538 0.339120
v -0.175541 0.390538 0.304047
v -0.248253 0.390538 0.248253
v -0.304047 0.390538 0.175542
v -0.339120 0.390538 0.090867
v -0.351083 0.390538 0.000000
v -0.339120 0.390538 -0.090867
v -0.304047 0.390538 -0.175541
v -0.248253 0.390538 -0.248253
v -0.175542 0.390538 -0.304047
v -0.090867 0.390538 -0.339120
v 0.077803 0.403215 -0.290366
v 0.000000 0.403215 -0.300609
v 0.150304 0.403215 -0.260335
v 0.212562 0.403215 -0.212563
v 0.260335 0.403215 -0.150304
v 0.290366 0.403215 -0.077803
v 0.300609 0.403215 -0.000000
v 0.290366 0.403215 0.077803
v 0.260335 0.403215 0.150304
v 0.212563 0.403215 0.212562
v 0.150304 0.403215 0.260335
v 0.077803 0.403215 0.290366
v 0.000000 0.403215 0.300609
v -0.077803 0.403215 0.290366
v -0.150304 0.403215 0.260335
v -0.212562 0.403215 0.212563
v -0.260335 0.403215 0.150304
v -0.290366 0.403215 0.077803
v -0.300609 0.403215 0.000000
v -0.290366 0.403215 -0.077803
v -0.260335 0.403215 -0.150304
v -0.212563 0.403215 -0.212562
v -0.150305 0.403215 -0.260335
v -0.077803 0.403215 -0.290366
v 0.077803 0.464980 -0.290366
v 0.000000 0.464980 -0.300609
v 0.150304 0.464980 -0.260335
v 0.212562 0.464980 -0.212563
v 0.260335 0.464980 -0.150304
v 0.290366 0.464980 -0.077803
v 0.300609 0.464980 -0.000000
v 0.290366 0.464980 0.077803
v 0.260335 0.464980 0.150304
v 0.212563 0.464980 0.212562
v 0.150304 0.464980 0.260335
v 0.077803 0.464980 0.290366
v 0.000000 0.464980 0.300609
v -0.077803 0.464980 0.290366
v -0.150304 0.464980 0.260335
v -0.212562 0.464980 0.212563
v -0.260335 0.464980 0.150304
v -0.290366 0.464980 0.077803
v -0.300609 0.464980 0.000000
v -0.290366 0.464980 -0.077803
v -0.260335 0.464980 -0.150304
v -0.212563 0.464980 -0.212562
v -0.150305 0.464980 -0.260335
v -0.077803 0.464980 -0.290366
v 0.080365 0.478190 -0.299925
v 0.000000 0.478190 -0.310506
v 0.155253 0.478190 -0.268906
v 0.219561 0.478190 -0.219561
v 0.268906 0.478190 -0.155253
v 0.299925 0.478190 -0.080365
v 0.310506 0.478190 -0.000000
v 0.299925 0.478190 0.080365
v 0.268906 0.478190 0.155253
v 0.219561 0.478190 0.219561
v 0.155253 0.478190 0.268906
v 0.080365 0.478190 0.299925
v 0.000000 0.478190 0.310506
v -0.080365 0.478190 0.299925
v -0.155253 0.478190 0.268906
v -0.219561 0.478190 0.219561
v -0.268906 0.478190 0.155253
v -0.299925 0.478190 0.080365
v -0.310506 0.478190 0.000000
v -0.299925 0.478190 -0.080365
v -0.268906 0.478190 -0.155253
v -0.219561 0.478190 -0.219561
v -0.155253 0.478190 -0.268906
v -0.080365 0.478190 -0.299925
v 0.080365 0.493511 -0.299925
v 0.000000 0.493511 -0.310506
v 0.155253 0.493511 -0.268906
v 0.219561 0.493511 -0.219561
v 0.268906 0.493511 -0.155253
v 0.299925 0.493511 -0.080365
v 0.310506 0.493511 -0.000000
v 0.299925 0.493511 0.080365
v 0.268906 0.493511 0.155253
v 0.219561 0.493511 0.219561
v 0.155253 0.493511 0.268906
v 0.080365 0.493511 0.299925
v 0.000000 0.493511 0.310506
v -0.080365 0.493511 0.299925
v -0.155253 0.493511 0.268906
v -0.219561 0.493511 0.219561
v -0.268906 0.493511 0.155253
v -0.299925 0.493511 0.080365
v -0.310506 0.493511 0.000000
v -0.299925 0.493511 -0.080365
v -0.268906 0.493511 -0.155253
v -0.219561 0.493511 -0.219561
v -0.155253 0.493511 -0.268906
v -0.080365 0.493511 -0.299925
v 0.077803 0.505063 -0.290366
v 0.000000 0.505063 -0.300609
v 0.150304 0.505063 -0.260335
v 0.212562 0.505063 -0.212562
v 0.260335 0.505063 -0.150304
v 0.290366 0.505063 -0.077803
v 0.300609 0.505063 -0.000000
v 0.290366 0.505063 0.077803
v 0.260335 0.505063 0.150304
v 0.212563 0.505063 0.212562
v 0.150304 0.505063 0.260335
v 0.077803 0.505063 0.290366
v 0.000000 0.505063 0.300609
v -0.077803 0.505063 0.290366
v -0.150304 0.505063 0.260335
v -0.212562 0.505063 0.212563
v -0.260335 0.505063 0.150304
v -0.290366 0.505063 0.077803
v -0.300609 0.505063 0.000000
v -0.290366 0.505063 -0.077803
v -0.260335 0.505063 -0.150304
v -0.212563 0.505063 -0.212562
v -0.150305 0.505063 -0.260335
v -0.077803 0.505063 -0.290366
v -0.212562 2.598392 -0.212563
v -0.150304 2.598392 -0.260335
v 0.077803 2.598392 -0.290366
v 0.150304 2.598392 -0.260335
v 0.290366 2.598392 0.077803
v 0.212562 2.598392 0.212563
v 0.000000 2.598392 0.300609
v -0.080365 2.609944 0.299925
v -0.155253 2.609944 0.268906
v -0.219561 2.609944 0.219561
v -0.268906 2.609944 0.155253
v -0.299925 2.609944 0.080365
v -0.310506 2.609944 -0.000000
v -0.299925 2.609944 -0.080365
v -0.268906 2.609944 -0.155253
v -0.219561 2.609944 -0.219561
v -0.155253 2.609944 -0.268906
v -0.080365 2.609944 -0.299925
v 0.000000 2.609944 -0.310506
v 0.080365 2.609944 -0.299925
v 0.155253 2.609944 -0.268906
v 0.219561 2.609944 -0.219561
v 0.268906 2.609944 -0.155253
v 0.299925 2.609944 -0.080365
v 0.310506 2.609944 0.000000
v 0.299925 2.609944 0.080365
v 0.268906 2.609944 0.155253
v 0.219561 2.609944 0.219561
v 0.155253 2.609944 0.268906
v 0.000000 2.609944 0.310506
v 0.080365 2.609944 0.299926
v -0.080365 2.625265 0.299925
v -0.155253 2.625265 0.268906
v -0.219561 2.625265 0.219561
v -0.268906 2.625265 0.155253
v -0.299925 2.625265 0.080365
v -0.310506 2.625265 -0.000000
v -0.299925 2.625265 -0.080365
v -0.268906 2.625265 -0.155253
v -0.219561 2.625265 -0.219561
v -0.155253 2.625265 -0.268906
v -0.080365 2.625265 -0.299925
v 0.000000 2.625265 -0.310506
v 0.080365 2.625265 -0.299925
v 0.155253 2.625265 -0.268906
v 0.219561 2.625265 -0.219561
v 0.268906 2.625265 -0.155253
v 0.299925 2.625265 -0.080365
v 0.310506 2.625265 0.000000
v 0.299925 2.625265 0.080365
v 0.268906 2.625265 0.155253
v 0.219561 2.625265 0.219561
v 0.155253 2.625265 0.268906
v 0.000000 2.625265 0.310506
v 0.080365 2.625265 0.299926
v -0.077803 2.638475 0.290366
v -0.150305 2.638475 0.260335
v -0.212563 2.638475 0.212562
v -0.260335 2.638475 0.150304
v -0.290366 2.638475 0.077803
v -0.300609 2.638475 -0.000000
v -0.290366 2.638475 -0.077803
v -0.260335 2.638475 -0.150304
v -0.212562 2.638475 -0.212563
v -0.150304 2.638475 -0.260335
v -0.077803 2.638475 -0.290366
v 0.000000 2.638475 -0.300609
v 0.077803 2.638475 -0.290366
v 0.150304 2.638475 -0.260335
v 0.212563 2.638475 -0.212562
v 0.260335 2.638475 -0.150304
v 0.290366 2.638475 -0.077803
v 0.300609 2.638475 0.000000
v 0.290366 2.638475 0.077803
v 0.260335 2.638475 0.150304
v 0.212562 2.638475 0.212563
v 0.150304 2.638475 0.260335
v 0.000000 2.638475 0.300609
v 0.077803 2.638475 0.290366
v -0.077803 2.700240 0.290366
v -0.150305 2.700240 0.260335
v -0.212563 2.700240 0.212562
v -0.260335 2.700240 0.150304
v -0.290366 2.700240 0.077803
v -0.300609 2.700240 -0.000000
v -0.290366 2.700240 -0.077803
v -0.260335 2.700240 -0.150304
v -0.212562 2.700240 -0.212563
v -0.150304 2.700240 -0.260335
v -0.077803 2.700240 -0.290366
v 0.000000 2.700240 -0.300609
v 0.077803 2.700240 -0.290366
v 0.150304 2.700240 -0.260335
v 0.212563 2.700240 -0.212562
v 0.260335 2.700240 -0.150304
v 0.290366 2.700240 -0.077803
v 0.300609 2.700240 0.000000
v 0.290366 2.700240 0.077803
v 0.260335 2.700240 0.150304
v 0.212562 2.700240 0.212563
v 0.150304 2.700240 0.260335
v 0.000000 2.700240 0.300609
v 0.077803 2.700240 0.290366
v -0.090867 2.712917 0.339120
v -0.175542 2.712917 0.304047
v -0.248253 2.712917 0.248253
v -0.304047 2.712917 0.175541
v -0.339120 2.712917 0.090867
v -0.351083 2.712917 -0.000000
v -0.339120 2.712917 -0.090867
v -0.304047 2.712917 -0.175542
v -0.248253 2.712917 -0.248253
v -0.175541 2.712917 -0.304047
v -0.090867 2.712917 -0.339120
v 0.000000 2.712917 -0.351083
v 0.090867 2.712917 -0.339120
v 0.175542 2.712917 -0.304047
v 0.248253 2.712917 -0.248253
v 0.304047 2.712917 -0.175541
v 0.339120 2.712917 -0.090867
v 0.351083 2.712917 0.000000
v 0.339120 2.712917 0.090867
v 0.304047 2.712917 0.175542
v 0.248253 2.712917 0.248253
v 0.175542 2.712917 0.304047
v 0.000000 2.712917 0.351083
v 0.090867 2.712917 0.339120
v -0.090867 2.723279 0.339120
v -0.175542 2.723279 0.304047
v -0.248253 2.723279 0.248253
v -0.304047 2.723279 0.175541
v -0.339120 2.723279 0.090867
v -0.351083 2.723279 -0.000000
v -0.339120 2.723279 -0.090867
v -0.304047 2.723279 -0.175542
v -0.248253 2.723279 -0.248253
v -0.175541 2.723279 -0.304047
v -0.090867 2.723279 -0.339120
v 0.000000 2.723279 -0.351083
v 0.090867 2.723279 -0.339120
v 0.175542 2.723279 -0.304047
v 0.248253 2.723279 -0.248253
v 0.304047 2.723279 -0.175541
v 0.339120 2.723279 -0.090867
v 0.351083 2.723279 0.000000
v 0.339120 2.723279 0.090867
v 0.304047 2.723279 0.175542
v 0.248253 2.723279 0.248253
v 0.175542 2.723279 0.304047
v 0.000000 2.723279 0.351083
v 0.090867 2.723279 0.339120
v -0.087979 2.735172 0.328341
v -0.169962 2.735172 0.294383
v -0.240363 2.735172 0.240362
v -0.294383 2.735172 0.169962
v -0.328341 2.735172 0.087979
v -0.339924 2.735172 -0.000000
v -0.328341 2.735172 -0.087979
v -0.294383 2.735172 -0.169962
v -0.240362 2.735172 -0.240362
v -0.169962 2.735172 -0.294383
v -0.087979 2.735172 -0.328341
v 0.000000 2.735172 -0.339924
v 0.087979 2.735172 -0.328341
v 0.169962 2.735172 -0.294382
v 0.240362 2.735172 -0.240362
v 0.294383 2.735172 -0.169962
v 0.328341 2.735172 -0.087979
v 0.339924 2.735172 0.000000
v 0.328341 2.735172 0.087979
v 0.294383 2.735172 0.169962
v 0.240362 2.735172 0.240362
v 0.169962 2.735172 0.294383
v 0.000000 2.735172 0.339924
v 0.087979 2.735172 0.328341
v -0.087979 2.744875 0.328341
v -0.169962 2.744875 0.294383
v -0.240363 2.744875 0.240362
v -0.294383 2.744875 0.169962
v -0.328341 2.744875 0.087979
v -0.339924 2.744875 -0.000000
v -0.328341 2.744875 -0.087979
v -0.294383 2.744875 -0.169962
v -0.240362 2.744875 -0.240362
v -0.169962 2.744875 -0.294383
v -0.087979 2.744875 -0.328341
v 0.000000 2.744875 -0.339924
v 0.087979 2.744875 -0.328341
v 0.169962 2.744875 -0.294382
v 0.240362 2.744875 -0.240362
v 0.294383 2.744875 -0.169962
v 0.328341 2.744875 -0.087979
v 0.339924 2.744875 0.000000
v 0.328341 2.744875 0.087979
v 0.294383 2.744875 0.169962
v 0.240362 2.744875 0.240362
v 0.169962 2.744875 0.294383
v 0.000000 2.744875 0.339924
v 0.087979 2.744875 0.328341
v -0.096937 2.764543 0.361774
v -0.187268 2.764543 0.324358
v -0.264837 2.764543 0.264837
v -0.324358 2.764543 0.187268
v -0.361774 2.764543 0.096937
v -0.374536 2.764543 -0.000000
v -0.361774 2.764543 -0.096937
v -0.324358 2.764543 -0.187268
v -0.264837 2.764543 -0.264837
v -0.187268 2.764543 -0.324358
v -0.096937 2.764543 -0.361774
v 0.000000 2.764543 -0.374536
v 0.096937 2.764543 -0.361774
v 0.187268 2.764543 -0.324358
v 0.264837 2.764543 -0.264837
v 0.324358 2.764543 -0.187268
v 0.361774 2.764543 -0.096937
v 0.374536 2.764543 0.000000
v 0.361774 2.764543 0.096937
v 0.324358 2.764543 0.187268
v 0.264837 2.764543 0.264837
v 0.187268 2.764543 0.324358
v 0.000000 2.764543 0.374537
v 0.096937 2.764543 0.361775
v -0.096937 2.774847 0.361774
v -0.187268 2.774847 0.324358
v -0.264837 2.774847 0.264837
v -0.324358 2.774847 0.187268
v -0.361774 2.774847 0.096937
v -0.374536 2.774847 -0.000000
v -0.361774 2.774847 -0.096937
v -0.324358 2.774847 -0.187268
v -0.264837 2.774847 -0.264837
v -0.187268 2.774847 -0.324358
v -0.096937 2.774847 -0.361774
v 0.000000 2.774847 -0.374536
v 0.096937 2.774847 -0.361774
v 0.187268 2.774847 -0.324358
v 0.264837 2.774847 -0.264837
v 0.324358 2.774847 -0.187268
v 0.361774 2.774847 -0.096937
v 0.374536 2.774847 0.000000
v 0.361774 2.774847 0.096937
v 0.324358 2.774847 0.187268
v 0.264837 2.774847 0.264837
v 0.187268 2.774847 0.324358
v 0.000000 2.774847 0.374537
v 0.096937 2.774847 0.361775
v -0.095141 2.786264 0.355070
v -0.183798 2.786264 0.318347
v -0.259930 2.786264 0.259929
v -0.318347 2.786264 0.183798
v -0.355070 2.786264 0.095141
v -0.367596 2.786264 -0.000000
v -0.355070 2.786264 -0.095141
v -0.318347 2.786264 -0.183798
v -0.259929 2.786264 -0.259929
v -0.183798 2.786264 -0.318347
v -0.095141 2.786264 -0.355070
v 0.000000 2.786264 -0.367596
v 0.095141 2.786264 -0.355070
v 0.183798 2.786264 -0.318347
v 0.259929 2.786264 -0.259929
v 0.318347 2.786264 -0.183798
v 0.355070 2.786264 -0.095141
v 0.367596 2.786264 0.000000
v 0.355070 2.786264 0.095141
v 0.318347 2.786264 0.183798
v 0.259929 2.786264 0.259930
v 0.183798 2.786264 0.318347
v 0.000000 2.786264 0.367596
v 0.095141 2.786264 0.355070
v -0.099188 2.883402 0.370175
v -0.191617 2.883402 0.331890
v -0.270987 2.883402 0.270987
v -0.331890 2.883402 0.191616
v -0.370175 2.883402 0.099188
v -0.383233 2.883402 -0.000000
v -0.370175 2.883402 -0.099188
v -0.331890 2.883402 -0.191617
v -0.270987 2.883402 -0.270987
v -0.191616 2.883402 -0.331890
v -0.099188 2.883402 -0.370175
v 0.000000 2.883402 -0.383233
v 0.099188 2.883402 -0.370175
v 0.191617 2.883402 -0.331889
v 0.270987 2.883402 -0.270987
v 0.331890 2.883402 -0.191616
v 0.370175 2.883402 -0.099188
v 0.383233 2.883402 0.000000
v 0.370175 2.883402 0.099188
v 0.331890 2.883402 0.191617
v 0.270987 2.883402 0.270987
v 0.191617 2.883402 0.331890
v 0.000000 2.883402 0.383233
v 0.099188 2.883402 0.370175
v -0.103237 2.901409 0.385286
v -0.199439 2.901409 0.345438
v -0.282049 2.901409 0.282049
v -0.345438 2.901409 0.199439
v -0.385286 2.901409 0.103237
v -0.398877 2.901409 -0.000000
v -0.385286 2.901409 -0.103237
v -0.345438 2.901409 -0.199439
v -0.282049 2.901409 -0.282049
v -0.199438 2.901409 -0.345438
v -0.103237 2.901409 -0.385286
v 0.000000 2.901409 -0.398877
v 0.103237 2.901409 -0.385286
v 0.199439 2.901409 -0.345438
v 0.282049 2.901409 -0.282049
v 0.345438 2.901409 -0.199438
v 0.385286 2.901409 -0.103237
v 0.398877 2.901409 0.000000
v 0.385286 2.901409 0.103237
v 0.345438 2.901409 0.199439
v 0.282049 2.901409 0.282049
v 0.199439 2.901409 0.345438
v 0.000000 2.901409 0.398877
v 0.103237 2.901409 0.385286
v -0.103237 2.930180 0.385286
v -0.199439 2.930180 0.345438
v -0.282049 2.930180 0.282049
v -0.345438 2.930180 0.199439
v -0.385286 2.930180 0.103237
v -0.398877 2.930180 -0.000000
v -0.385286 2.930180 -0.103237
v -0.345438 2.930180 -0.199439
v -0.282049 2.930180 -0.282049
v -0.199438 2.930180 -0.345438
v -0.103237 2.930180 -0.385286
v 0.000000 2.930180 -0.398877
v 0.103237 2.930180 -0.385286
v 0.199439 2.930180 -0.345438
v 0.282049 2.930180 -0.282049
v 0.345438 2.930180 -0.199438
v 0.385286 2.930180 -0.103237
v 0.398877 2.930180 0.000000
v 0.385286 2.930180 0.103237
v 0.345438 2.930180 0.199439
v 0.282049 2.930180 0.282049
v 0.199439 2.930180 0.345438
v 0.000000 2.930180 0.398877
v 0.103237 2.930180 0.385286
v -0.098094 2.951646 0.366091
v -0.189503 2.951646 0.328229
v -0.267998 2.951646 0.267997
v -0.328229 2.951646 0.189503
v -0.366091 2.951646 0.098094
v -0.379006 2.951646 -0.000000
v -0.366091 2.951646 -0.098094
v -0.328228 2.951646 -0.189503
v -0.267997 2.951646 -0.267998
v -0.189503 2.951646 -0.328229
v -0.098094 2.951646 -0.366091
v 0.000000 2.951646 -0.379006
v 0.098094 2.951646 -0.366091
v 0.189503 2.951646 -0.328228
v 0.267998 2.951646 -0.267997
v 0.328229 2.951646 -0.189503
v 0.366091 2.951646 -0.098094
v 0.379006 2.951646 0.000000
v 0.366091 2.951646 0.098094
v 0.328229 2.951646 0.189503
v 0.267997 2.951646 0.267998
v 0.189503 2.951646 0.328229
v 0.000000 2.951646 0.379006
v 0.098094 2.951646 0.366091
v -0.098094 2.971945 0.366091
v -0.189503 2.971945 0.328229
v -0.267998 2.971945 0.267997
v -0.328229 2.971945 0.189503
v -0.366091 2.971945 0.098094
v -0.379006 2.971945 -0.000000
v -0.366091 2.971945 -0.098094
v -0.328228 2.971945 -0.189503
v -0.267997 2.971945 -0.267998
v -0.189503 2.971945 -0.328229
v -0.098094 2.971945 -0.366091
v 0.000000 2.971945 -0.379006
v 0.098094 2.971945 -0.366091
v 0.189503 2.971945 -0.328228
v 0.267998 2.971945 -0.267997
v 0.328229 2.971945 -0.189503
v 0.366091 2.971945 -0.098094
v 0.379006 2.971945 0.000000
v 0.366091 2.971945 0.098094
v 0.328229 2.971945 0.189503
v 0.267997 2.971945 0.267998
v 0.189503 2.971945 0.328229
v 0.000000 2.971945 0.379006
v 0.098094 2.971945 0.366091
v -0.118150 3.023899 0.440942
v -0.118150 3.053863 0.440942
v -0.228249 3.023899 0.395338
v -0.228249 3.053863 0.395338
v -0.322792 3.023899 0.322792
v -0.322792 3.053863 0.322792
v -0.395338 3.023899 0.228248
v -0.395338 3.053863 0.228248
v -0.440942 3.023899 0.118150
v -0.440942 3.053863 0.118150
v -0.456497 3.023899 -0.000000
v -0.456497 3.053863 -0.000000
v -0.440942 3.023899 -0.118150
v -0.440942 3.053863 -0.118150
v -0.395338 3.023899 -0.228248
v -0.395338 3.053863 -0.228248
v -0.322792 3.023899 -0.322792
v -0.322792 3.053863 -0.322792
v -0.228248 3.023899 -0.395338
v -0.228248 3.053863 -0.395338
v -0.118150 3.023899 -0.440942
v -0.118150 3.053863 -0.440942
v 0.000000 3.023899 -0.456497
v 0.000000 3.053863 -0.456497
v 0.118150 3.023899 -0.440942
v 0.118150 3.053863 -0.440942
v 0.228249 3.023899 -0.395338
v 0.228249 3.053863 -0.395338
v 0.322792 3.023899 -0.322792
v 0.322792 3.053863 -0.322792
v 0.395338 3.023899 -0.228248
v 0.395338 3.053863 -0.228248
v 0.440942 3.023899 -0.118150
v 0.440942 3.053863 -0.118150
v 0.456497 3.023899 0.000000
v 0.456497 3.053863 0.000000
v 0.440942 3.023899 0.118150
v 0.440942 3.053863 0.118150
v 0.395338 3.023899 0.228249
v 0.395338 3.053863 0.228249
v 0.322792 3.023899 0.322792
v 0.322792 3.053863 0.322792
v 0.228248 3.023899 0.395338
v 0.228248 3.053863 0.395338
v 0.118150 3.023899 0.440942
v 0.118150 3.053863 0.440942
v 0.000000 3.023899 0.456497
v 0.000000 3.053863 0.456497
v -0.494294 3.053863 0.494295
v -0.494294 3.153047 0.494295
v -0.494294 3.053863 -0.494294
v -0.494294 3.153047 -0.494294
v 0.494294 3.053863 0.494295
v 0.494294 3.153047 0.494295
v 0.494294 3.053863 -0.494294
v 0.494294 3.153047 -0.494294
v 0.077803 2.598392 0.290366
v 0.150304 2.598392 0.260335
v 0.260335 2.598392 0.150304
v 0.300609 2.598392 0.000000
v 0.290366 2.598392 -0.077803
v 0.260335 2.598392 -0.150304
v 0.212563 2.598392 -0.212562
v 0.000000 2.598392 -0.300609
v -0.077803 2.598392 -0.290366
v -0.260335 2.598392 -0.150304
v -0.300609 2.598392 -0.000000
v -0.290366 2.598392 0.077803
v -0.260335 2.598392 0.150304
v -0.150305 2.598392 0.260335
v -0.077803 2.598392 0.290366
v -0.290366 2.598392 -0.077803
v -0.212563 2.598392 0.212562
v 0.212562 2.551725 -0.212562
v 0.212562 0.551729 -0.212562
v 0.260335 2.551725 -0.150304
v 0.260335 0.551729 -0.150304
v 0.290366 2.551725 -0.077803
v 0.290366 0.551729 -0.077803
v 0.300609 2.551725 0.000000
v 0.300609 0.551729 0.000000
v 0.260335 2.551725 0.150304
v 0.260335 0.551729 0.150304
v 0.150304 2.551725 0.260335
v 0.150304 0.551729 0.260335
v 0.077803 2.551725 0.290366
v 0.077803 0.551729 0.290366
v -0.077803 2.551725 0.290366
v -0.077803 0.551729 0.290366
v -0.150304 2.551725 0.260335
v -0.150304 0.551729 0.260335
v -0.260335 2.551725 0.150304
v -0.260335 0.551729 0.150304
v -0.290366 2.551725 0.077803
v -0.290366 0.551729 0.077803
v -0.300609 2.551725 0.000000
v -0.300609 0.551729 0.000000
v -0.260335 2.551725 -0.150304
v -0.260335 0.551729 -0.150304
v -0.077803 2.551725 -0.290366
v -0.077803 0.551729 -0.290366
v 0.000000 2.551725 -0.300609
v 0.000000 0.551729 -0.300609
v 0.077803 0.551729 -0.290366
v 0.077803 2.551725 -0.290366
v 0.150304 2.551725 -0.260335
v 0.150304 0.551729 -0.260335
v 0.290366 2.551725 0.077803
v 0.290366 0.551729 0.077803
v 0.212562 2.551725 0.212563
v 0.212562 0.551729 0.212562
v 0.000000 2.551725 0.300609
v 0.000000 0.551729 0.300609
v -0.212563 2.551725 0.212563
v -0.212562 0.551729 0.212563
v -0.290366 2.551725 -0.077803
v -0.290366 0.551729 -0.077803
v -0.212562 2.551725 -0.212562
v -0.212563 0.551729 -0.212562
v -0.150304 2.551725 -0.260335
v -0.150304 0.551729 -0.260335
v 0.204664 2.551725 -0.204664
v 0.203281 2.538080 -0.184149
v 0.200932 2.549897 -0.198369
v 0.200426 2.544902 -0.190859
v 0.203281 0.565374 -0.184149
v 0.204664 0.551729 -0.204664
v 0.200426 0.558552 -0.190860
v 0.200932 0.553557 -0.198369
v 0.230487 2.538080 -0.148693
v 0.250661 2.551725 -0.144719
v 0.236230 2.544902 -0.144198
v 0.243614 2.549897 -0.142744
v 0.250661 0.551729 -0.144719
v 0.230487 0.565374 -0.148693
v 0.243614 0.553557 -0.142744
v 0.236230 0.558552 -0.144198
v 0.279576 2.551725 -0.074912
v 0.268121 2.538080 -0.057837
v 0.273196 2.549897 -0.071326
v 0.269003 2.544902 -0.065076
v 0.268121 0.565374 -0.057837
v 0.279576 0.551729 -0.074912
v 0.269003 0.558552 -0.065076
v 0.273196 0.553557 -0.071326
v 0.273954 2.538080 -0.013528
v 0.289438 2.551725 0.000000
v 0.276680 2.544902 -0.006764
v 0.282348 2.549897 -0.001812
v 0.289438 0.551729 0.000000
v 0.273954 0.565374 -0.013528
v 0.282348 0.553557 -0.001812
v 0.276680 0.558552 -0.006764
v 0.244015 2.538080 0.125261
v 0.250661 2.551725 0.144719
v 0.242994 2.544902 0.132482
v 0.245427 2.549897 0.139604
v 0.250661 0.551729 0.144719
v 0.244015 0.565374 0.125261
v 0.245427 0.553557 0.139604
v 0.242994 0.558552 0.132482
v 0.148693 2.538080 0.230487
v 0.144719 2.551725 0.250661
v 0.144198 2.544902 0.236230
v 0.142744 2.549897 0.243614
v 0.144719 0.551729 0.250661
v 0.148693 0.565374 0.230487
v 0.142744 0.553557 0.243614
v 0.144198 0.558552 0.236230
v 0.074912 2.551725 0.279576
v 0.057837 2.538080 0.268121
v 0.071326 2.549897 0.273196
v 0.065076 2.544902 0.269003
v 0.057837 0.565374 0.268121
v 0.074912 0.551729 0.279576
v 0.065076 0.558552 0.269003
v 0.071326 0.553557 0.273196
v -0.074912 2.551725 0.279576
v -0.083972 2.538080 0.261118
v -0.074828 2.549897 0.272258
v -0.078144 2.544902 0.265502
v -0.083972 0.565374 0.261118
v -0.074912 0.551729 0.279576
v -0.078144 0.558552 0.265502
v -0.074828 0.553557 0.272258
v -0.125261 2.538080 0.244015
v -0.144719 2.551725 0.250661
v -0.132482 2.544902 0.242994
v -0.139604 2.549897 0.245427
v -0.144719 0.551729 0.250661
v -0.125261 0.565374 0.244015
v -0.139604 0.553557 0.245427
v -0.132482 0.558552 0.242994
v -0.230487 2.538080 0.148693
v -0.250661 2.551725 0.144719
v -0.236230 2.544902 0.144198
v -0.243614 2.549897 0.142744
v -0.250661 0.551729 0.144719
v -0.230487 0.565374 0.148693
v -0.243614 0.553557 0.142744
v -0.236230 0.558552 0.144198
v -0.279576 2.551725 0.074912
v -0.268121 2.538080 0.057837
v -0.273196 2.549897 0.071326
v -0.269003 2.544902 0.065076
v -0.268121 0.565374 0.057837
v -0.279576 0.551729 0.074912
v -0.269003 0.558552 0.065077
v -0.273196 0.553557 0.071326
v -0.273954 2.538080 0.013528
v -0.289438 2.551725 0.000000
v -0.276680 2.544902 0.006764
v -0.282348 2.549897 0.001813
v -0.289438 0.551729 0.000000
v -0.273954 0.565374 0.013528
v -0.282348 0.553557 0.001813
v -0.276680 0.558552 0.006764
v -0.244015 2.538080 -0.125261
v -0.250661 2.551725 -0.144719
v -0.242994 2.544902 -0.132482
v -0.245427 2.549897 -0.139604
v -0.250661 0.551729 -0.144719
v -0.244015 0.565374 -0.125261
v -0.245427 0.553557 -0.139604
v -0.242994 0.558552 -0.132482
v -0.074912 2.551725 -0.279576
v -0.057837 2.538080 -0.268121
v -0.071326 2.549897 -0.273196
v -0.065076 2.544902 -0.269003
v -0.057837 0.565374 -0.268120
v -0.074912 0.551729 -0.279576
v -0.065077 0.558552 -0.269003
v -0.071326 0.553557 -0.273196
v -0.013528 2.538080 -0.273954
v 0.000000 2.551725 -0.289438
v -0.006764 2.544902 -0.276680
v -0.001812 2.549897 -0.282348
v 0.000000 0.551729 -0.289438
v -0.013528 0.565374 -0.273954
v -0.001812 0.553557 -0.282348
v -0.006764 0.558552 -0.276680
v 0.083972 0.565374 -0.261118
v 0.074912 0.551729 -0.279576
v 0.078144 0.558552 -0.265502
v 0.074828 0.553557 -0.272258
v 0.074912 2.551725 -0.279576
v 0.083972 2.538080 -0.261118
v 0.074828 2.549897 -0.272258
v 0.078144 2.544903 -0.265502
v 0.125261 2.538080 -0.244015
v 0.144719 2.551725 -0.250661
v 0.132482 2.544902 -0.242994
v 0.139604 2.549897 -0.245427
v 0.144719 0.551729 -0.250661
v 0.125261 0.565374 -0.244015
v 0.139604 0.553557 -0.245427
v 0.132482 0.558552 -0.242994
v 0.279576 2.551725 0.074912
v 0.261118 2.538080 0.083972
v 0.272258 2.549897 0.074828
v 0.265502 2.544902 0.078144
v 0.261118 0.565374 0.083972
v 0.279576 0.551729 0.074912
v 0.265502 0.558552 0.078144
v 0.272258 0.553557 0.074828
v 0.204664 2.551725 0.204664
v 0.184149 2.538080 0.203281
v 0.198369 2.549897 0.200932
v 0.190860 2.544902 0.200426
v 0.184149 0.565374 0.203281
v 0.204664 0.551729 0.204664
v 0.190860 0.558552 0.200426
v 0.198369 0.553557 0.200932
v 0.013528 2.538080 0.273954
v 0.000000 2.551725 0.289439
v 0.006764 2.544902 0.276680
v 0.001813 2.549897 0.282348
v 0.000000 0.551729 0.289439
v 0.013528 0.565374 0.273954
v 0.001812 0.553557 0.282348
v 0.006764 0.558552 0.276680
v -0.204664 2.551725 0.204664
v -0.203281 2.538080 0.184149
v -0.200932 2.549897 0.198369
v -0.200426 2.544902 0.190860
v -0.203281 0.565374 0.184149
v -0.204664 0.551729 0.204664
v -0.200426 0.558552 0.190860
v -0.200932 0.553557 0.198369
v -0.279576 2.551725 -0.074912
v -0.261118 2.538080 -0.083972
v -0.272258 2.549897 -0.074828
v -0.265502 2.544902 -0.078144
v -0.261118 0.565374 -0.083972
v -0.279576 0.551729 -0.074912
v -0.265502 0.558552 -0.078144
v -0.272258 0.553557 -0.074828
v -0.204664 2.551725 -0.204664
v -0.184149 2.538080 -0.203281
v -0.198369 2.549897 -0.200932
v -0.190860 2.544902 -0.200426
v -0.184149 0.565374 -0.203281
v -0.204664 0.551729 -0.204664
v -0.190860 0.558552 -0.200425
v -0.198369 0.553557 -0.200932
v -0.148693 2.538080 -0.230487
v -0.144719 2.551725 -0.250661
v -0.144198 2.544902 -0.236230
v -0.142744 2.549897 -0.243614
v -0.144719 0.551729 -0.250661
v -0.148693 0.565374 -0.230487
v -0.142744 0.553557 -0.243614
v -0.144198 0.558552 -0.236230
v -0.489294 3.058863 -0.494294
v -0.489294 3.148047 -0.494294
v 0.489294 3.148047 -0.494294
v 0.489294 3.058863 -0.494294
v 0.494294 3.058863 -0.489294
v 0.494294 3.148047 -0.489294
v 0.494294 3.148047 0.489295
v 0.494294 3.058863 0.489295
v -0.489294 3.053863 -0.489294
v 0.489294 3.053863 -0.489294
v 0.489294 3.053863 0.489295
v -0.489294 3.053863 0.489295
v -0.494294 3.058863 0.489295
v -0.494294 3.148047 0.489295
v -0.494294 3.148047 -0.489294
v -0.494294 3.058863 -0.489294
v 0.489294 3.058863 0.494295
v 0.489294 3.148047 0.494295
v -0.489294 3.148047 0.494295
v -0.489294 3.058863 0.494295
v 0.489294 3.153047 -0.489294
v -0.489294 3.153047 -0.489294
v -0.489294 3.153047 0.489295
v 0.489294 3.153047 0.489295
v 0.118150 0.049592 0.440942
v 0.228249 0.049592 0.395338
v 0.322792 0.049592 0.322792
v 0.395338 0.049592 0.228248
v 0.440942 0.049592 0.118150
v 0.440942 0.049592 -0.118150
v 0.395338 0.049592 -0.228248
v 0.322792 0.049592 -0.322792
v 0.228248 0.049592 -0.395338
v 0.118150 0.049592 -0.440942
v -0.000000 0.049592 -0.456497
v -0.118150 0.049592 -0.440942
v -0.228249 0.049592 -0.395338
v -0.322792 0.049592 -0.322792
v -0.395338 0.049592 -0.228248
v -0.440942 0.049592 -0.118150
v -0.440942 0.049592 0.118150
v -0.395338 0.049592 0.228249
v -0.322792 0.049592 0.322792
v -0.228248 0.049592 0.395338
v -0.118150 0.049592 0.440942
v -0.000000 0.049592 0.456497
v 0.494294 0.049592 0.494295
v 0.494294 -0.049592 0.494295
v 0.494294 0.049592 -0.494294
v 0.494294 -0.049592 -0.494294
v -0.494294 0.049592 0.494295
v -0.494294 -0.049592 0.494295
v -0.494294 0.049592 -0.494294
v -0.494294 -0.049592 -0.494294
v 0.489294 0.044592 -0.494294
v 0.489294 -0.044592 -0.494294
v -0.489294 -0.044592 -0.494294
v -0.489294 0.044592 -0.494294
v -0.494294 0.044592 -0.489294
v -0.494294 -0.044592 -0.489294
v -0.494294 -0.044592 0.489295
v -0.494294 0.044592 0.489295
v 0.489294 0.049592 -0.489294
v -0.489294 0.049592 -0.489294
v -0.489294 0.049592 0.489295
v 0.489294 0.049592 0.489295
v 0.494294 0.044592 0.489295
v 0.494294 -0.044592 0.489295
v 0.494294 -0.044592 -0.489294
v 0.494294 0.044592 -0.489294
v -0.489294 0.044592 0.494295
v -0.489294 -0.044592 0.494295
v 0.489294 -0.044592 0.494295
v 0.489294 0.044592 0.494295
v -0.489294 -0.049592 -0.489294
v 0.489294 -0.049592 -0.489294
v 0.489294 -0.049592 0.489295
v -0.489294 -0.049592 0.489295
vt 1.000000 1.000000
vt 0.958333 0.500000
vt 1.000000 0.500000
vt 0.958333 1.000000
vt 0.916667 0.500000
vt 0.916667 1.000000
vt 0.875000 0.500000
vt 0.875000 1.000000
vt 0.833333 0.500000
vt 0.833333 1.000000
vt 0.791667 0.500000
vt 0.791667 1.000000
vt 0.750000 0.500000
vt 0.750000 1.000000
vt 0.708333 0.500000
vt 0.708333 1.000000
vt 0.666667 0.500000
vt 0.666667 1.000000
vt 0.625000 0.500000
vt 0.625000 1.000000
vt 0.583333 0.500000
vt 0.583333 1.000000
vt 0.541666 0.500000
vt 0.500000 1.000000
vt 0.500000 0.500000
vt 0.458333 1.000000
vt 0.458333 0.500000
vt 0.416666 1.000000
vt 0.416666 0.500000
vt 0.375000 1.000000
vt 0.375000 0.500000
vt 0.333333 1.000000
vt 0.333333 0.500000
vt 0.291667 1.000000
vt 0.291667 0.500000
vt 0.250000 1.000000
vt 0.250000 0.500000
vt 0.208333 1.000000
vt 0.208333 0.500000
vt 0.166666 1.000000
vt 0.166666 0.500000
vt 0.125000 1.000000
vt 0.125000 0.500000
vt 0.083333 1.000000
vt 0.083333 0.500000
vt 0.791667 1.000000
vt 0.041666 1.000000
vt 0.041666 0.500000
vt -0.000000 0.500000
vt 0.981822 0.187883
vt 0.812117 0.018178
vt 0.580294 0.080294
vt 0.666667 1.000000
vt 0.625000 1.000000
vt 0.625000 1.000000
vt 0.583333 1.000000
vt 0.375000 1.000000
vt 0.208333 1.000000
vt 0.166666 1.000000
vt 0.875000 1.000000
vt 0.708333 1.000000
vt 0.958333 1.000000
vt 0.458333 1.000000
vt 0.250000 1.000000
vt 0.041666 1.000000
vt 0.750000 1.000000
vt 0.541666 1.000000
vt 0.541666 1.000000
vt 0.333333 1.000000
vt 0.125000 1.000000
vt 0.833333 1.000000
vt 0.416666 1.000000
vt -0.000000 1.000000
vt -0.000000 1.000000
vt 0.916667 1.000000
vt 0.500000 1.000000
vt 0.291667 1.000000
vt 0.083333 1.000000
vt 0.208333 1.000000
vt 0.166666 1.000000
vt 0.166666 1.000000
vt -0.000000 1.000000
vt 0.916667 1.000000
vt 0.291667 1.000000
vt 0.583333 1.000000
vt 0.875000 1.000000
vt 0.250000 1.000000
vt 0.541666 1.000000
vt 0.833333 1.000000
vt 0.500000 1.000000
vt 0.791667 1.000000
vt 0.458333 1.000000
vt 0.750000 1.000000
vt 0.125000 1.000000
vt 0.416666 1.000000
vt 0.708333 1.000000
vt 0.083333 1.000000
vt 0.375000 1.000000
vt 0.666667 1.000000
vt 0.041666 1.000000
vt 1.000000 1.000000
vt 0.958333 1.000000
vt 0.333333 1.000000
vt 0.666667 1.000000
vt 0.625000 1.000000
vt 0.625000 1.000000
vt 0.500000 1.000000
vt 0.458333 1.000000
vt 0.750000 1.000000
vt 0.125000 1.000000
vt 0.416666 1.000000
vt 0.708333 1.000000
vt 0.083333 1.000000
vt 0.375000 1.000000
vt 0.041666 1.000000
vt 1.000000 1.000000
vt 0.958333 1.000000
vt 0.333333 1.000000
vt -0.000000 1.000000
vt 0.916667 1.000000
vt 0.291667 1.000000
vt 0.583333 1.000000
vt 0.875000 1.000000
vt 0.250000 1.000000
vt 0.541666 1.000000
vt 0.833333 1.000000
vt 0.208333 1.000000
vt 0.791667 1.000000
vt 0.208333 1.000000
vt 0.166666 1.000000
vt 0.166666 1.000000
vt -0.000000 1.000000
vt 0.916667 1.000000
vt 0.291667 1.000000
vt 0.583333 1.000000
vt 0.875000 1.000000
vt 0.250000 1.000000
vt 0.541666 1.000000
vt 0.833333 1.000000
vt 0.500000 1.000000
vt 0.791667 1.000000
vt 0.458333 1.000000
vt 0.750000 1.000000
vt 0.125000 1.000000
vt 0.416666 1.000000
vt 0.708333 1.000000
vt 0.083333 1.000000
vt 0.375000 1.000000
vt 0.666667 1.000000
vt 0.041666 1.000000
vt 1.000000 1.000000
vt 0.958333 1.000000
vt 0.333333 1.000000
vt 0.666667 1.000000
vt 0.625000 1.000000
vt 0.625000 1.000000
vt 0.458333 1.000000
vt 0.750000 1.000000
vt 0.125000 1.000000
vt 0.416666 1.000000
vt 0.708333 1.000000
vt 0.083333 1.000000
vt 0.375000 1.000000
vt 0.041666 1.000000
vt 1.000000 1.000000
vt 0.958333 1.000000
vt 0.333333 1.000000
vt -0.000000 1.000000
vt 0.916667 1.000000
vt 0.291667 1.000000
vt 0.583333 1.000000
vt 0.875000 1.000000
vt 0.250000 1.000000
vt 0.541666 1.000000
vt 0.833333 1.000000
vt 0.208333 1.000000
vt 0.500000 1.000000
vt 0.791667 1.000000
vt 0.500000 1.000000
vt 0.458333 1.000000
vt 0.458333 1.000000
vt -0.000000 1.000000
vt 0.916667 1.000000
vt 0.291667 1.000000
vt 0.583333 1.000000
vt 0.875000 1.000000
vt 0.250000 1.000000
vt 0.541666 1.000000
vt 0.833333 1.000000
vt 0.208333 1.000000
vt 0.791667 1.000000
vt 0.166666 1.000000
vt 0.750000 1.000000
vt 0.125000 1.000000
vt 0.416666 1.000000
vt 0.708333 1.000000
vt 0.083333 1.000000
vt 0.375000 1.000000
vt 0.666667 1.000000
vt 0.041666 1.000000
vt 0.958333 1.000000
vt 0.333333 1.000000
vt 0.041666 1.000000
vt -0.000000 1.000000
vt -0.000000 1.000000
vt 0.750000 1.000000
vt 0.166666 1.000000
vt 0.125000 1.000000
vt 0.416666 1.000000
vt 0.708333 1.000000
vt 0.083333 1.000000
vt 0.375000 1.000000
vt 0.666667 1.000000
vt 1.000000 1.000000
vt 0.958333 1.000000
vt 0.333333 1.000000
vt 0.625000 1.000000
vt 0.916667 1.000000
vt 0.291667 1.000000
vt 0.583333 1.000000
vt 0.875000 1.000000
vt 0.250000 1.000000
vt 0.541666 1.000000
vt 0.833333 1.000000
vt 0.208333 1.000000
vt 0.500000 1.000000
vt 0.791667 1.000000
vt 0.500000 1.000000
vt 0.458333 1.000000
vt 0.458333 1.000000
vt 0.916667 1.000000
vt 0.291667 1.000000
vt 0.583333 1.000000
vt 0.875000 1.000000
vt 0.250000 1.000000
vt 0.541666 1.000000
vt 0.833333 1.000000
vt 0.208333 1.000000
vt 0.791667 1.000000
vt 0.166666 1.000000
vt 0.750000 1.000000
vt 0.125000 1.000000
vt 0.416666 1.000000
vt 0.708333 1.000000
vt 0.083333 1.000000
vt 0.375000 1.000000
vt 0.666667 1.000000
vt 0.041666 1.000000
vt 0.958333 1.000000
vt 0.333333 1.000000
vt 0.625000 1.000000
vt 0.958333 1.000000
vt 0.916667 1.000000
vt 0.916667 1.000000
vt 0.791667 1.000000
vt 0.750000 1.000000
vt 0.125000 1.000000
vt 0.416666 1.000000
vt 0.708333 1.000000
vt 0.083333 1.000000
vt 0.375000 1.000000
vt 0.666667 1.000000
vt 0.041666 1.000000
vt 1.000000 1.000000
vt 0.333333 1.000000
vt 0.625000 1.000000
vt -0.000000 1.000000
vt 0.291667 1.000000
vt 0.583333 1.000000
vt 0.875000 1.000000
vt 0.250000 1.000000
vt 0.541666 1.000000
vt 0.833333 1.000000
vt 0.208333 1.000000
vt 0.500000 1.000000
vt 0.166666 1.000000
vt 0.791667 1.000000
vt 0.750000 1.000000
vt 0.750000 1.000000
vt 0.291667 1.000000
vt 0.583333 1.000000
vt 0.875000 1.000000
vt 0.250000 1.000000
vt 0.541666 1.000000
vt 0.833333 1.000000
vt 0.208333 1.000000
vt 0.500000 1.000000
vt 0.166666 1.000000
vt 0.458333 1.000000
vt 0.125000 1.000000
vt 0.416666 1.000000
vt 0.708333 1.000000
vt 0.083333 1.000000
vt 0.375000 1.000000
vt 0.666667 1.000000
vt 0.041666 1.000000
vt 1.000000 1.000000
vt 0.958333 1.000000
vt 0.333333 1.000000
vt 0.625000 1.000000
vt -0.000000 1.000000
vt 0.333333 1.000000
vt 0.291667 1.000000
vt 0.291667 1.000000
vt 0.125000 1.000000
vt 0.416666 1.000000
vt 0.708333 1.000000
vt 0.083333 1.000000
vt 0.375000 1.000000
vt 0.666667 1.000000
vt 0.041666 1.000000
vt 1.000000 1.000000
vt 0.958333 1.000000
vt 0.625000 1.000000
vt -0.000000 1.000000
vt 0.916667 1.000000
vt 0.583333 1.000000
vt 0.875000 1.000000
vt 0.250000 1.000000
vt 0.541666 1.000000
vt 0.833333 1.000000
vt 0.208333 1.000000
vt 0.500000 1.000000
vt 0.791667 1.000000
vt 0.166666 1.000000
vt 0.458333 1.000000
vt 0.791667 1.000000
vt 0.750000 1.000000
vt 0.750000 1.000000
vt 0.583333 1.000000
vt 0.875000 1.000000
vt 0.250000 1.000000
vt 0.541666 1.000000
vt 0.833333 1.000000
vt 0.208333 1.000000
vt 0.500000 1.000000
vt 0.166666 1.000000
vt 0.458333 1.000000
vt 0.125000 1.000000
vt 0.416666 1.000000
vt 0.708333 1.000000
vt 0.083333 1.000000
vt 0.375000 1.000000
vt 0.666667 1.000000
vt 0.041666 1.000000
vt 1.000000 1.000000
vt 0.958333 1.000000
vt 0.333333 1.000000
vt 0.625000 1.000000
vt -0.000000 1.000000
vt 0.916667 1.000000
vt 0.625000 1.000000
vt 0.583333 1.000000
vt 0.583333 1.000000
vt 0.125000 1.000000
vt 0.416666 1.000000
vt 0.708333 1.000000
vt 0.083333 1.000000
vt 0.375000 1.000000
vt 0.666667 1.000000
vt 0.041666 1.000000
vt 1.000000 1.000000
vt 0.958333 1.000000
vt 0.333333 1.000000
vt -0.000000 1.000000
vt 0.916667 1.000000
vt 0.291667 1.000000
vt 0.875000 1.000000
vt 0.250000 1.000000
vt 0.541666 1.000000
vt 0.833333 1.000000
vt 0.208333 1.000000
vt 0.500000 1.000000
vt 0.791667 1.000000
vt 0.166666 1.000000
vt 0.458333 1.000000
vt 0.875000 1.000000
vt 0.250000 1.000000
vt 0.541666 1.000000
vt 0.833333 1.000000
vt 0.208333 1.000000
vt 0.500000 1.000000
vt 0.791667 1.000000
vt 0.166666 1.000000
vt 0.458333 1.000000
vt 0.750000 1.000000
vt 0.125000 1.000000
vt 0.416666 1.000000
vt 0.708333 1.000000
vt 0.083333 1.000000
vt 0.375000 1.000000
vt 0.666667 1.000000
vt 0.041666 1.000000
vt 0.958333 1.000000
vt 0.333333 1.000000
vt 0.625000 1.000000
vt -0.000000 1.000000
vt 0.916667 1.000000
vt 0.291667 1.000000
vt 1.000000 1.000000
vt 0.958333 1.000000
vt 1.000000 1.000000
vt 0.458333 1.000000
vt 0.416666 1.000000
vt 0.416666 1.000000
vt -0.000000 1.000000
vt 0.041666 1.000000
vt 0.041666 1.000000
vt 0.083333 1.000000
vt 0.083333 1.000000
vt 0.125000 1.000000
vt 0.125000 1.000000
vt 0.166666 1.000000
vt 0.166666 1.000000
vt 0.208333 1.000000
vt 0.208333 1.000000
vt 0.250000 1.000000
vt 0.250000 1.000000
vt 0.291667 1.000000
vt 0.291667 1.000000
vt 0.333333 1.000000
vt 0.333333 1.000000
vt 0.375000 1.000000
vt 0.375000 1.000000
vt 0.416666 1.000000
vt 0.416666 1.000000
vt 0.458333 1.000000
vt 0.458333 1.000000
vt 0.500000 1.000000
vt 0.500000 1.000000
vt 0.541666 1.000000
vt 0.541666 1.000000
vt 0.583333 1.000000
vt 0.583333 1.000000
vt 0.625000 1.000000
vt 0.625000 1.000000
vt 0.666667 1.000000
vt 0.666667 1.000000
vt 0.708333 1.000000
vt 0.708333 1.000000
vt 0.750000 1.000000
vt 0.750000 1.000000
vt 0.791667 1.000000
vt 0.791667 1.000000
vt 0.833333 1.000000
vt 0.833333 1.000000
vt 0.875000 1.000000
vt 0.875000 1.000000
vt 0.916667 1.000000
vt 0.916667 1.000000
vt 0.958333 1.000000
vt 0.875000 1.000000
vt 0.916667 1.000000
vt 0.875000 1.000000
vt 0.750000 1.000000
vt 0.708333 1.000000
vt 0.083333 1.000000
vt 0.083333 1.000000
vt 0.375000 1.000000
vt 0.666667 1.000000
vt 0.666667 1.000000
vt 0.041666 1.000000
vt 0.041666 1.000000
vt 1.000000 1.000000
vt 0.958333 1.000000
vt 0.333333 1.000000
vt 0.333333 1.000000
vt 0.625000 1.000000
vt -0.000000 1.000000
vt -0.000000 1.000000
vt 0.916667 1.000000
vt 0.291667 1.000000
vt 0.583333 1.000000
vt 0.583333 1.000000
vt 0.250000 1.000000
vt 0.541666 1.000000
vt 0.833333 1.000000
vt 0.833333 1.000000
vt 0.208333 1.000000
vt 0.208333 1.000000
vt 0.500000 1.000000
vt 0.500000 1.000000
vt 0.791667 1.000000
vt 0.166666 1.000000
vt 0.166666 1.000000
vt 0.458333 1.000000
vt 0.750000 1.000000
vt 0.125000 1.000000
vt 0.291667 1.000000
vt 0.250000 1.000000
vt 0.583333 1.000000
vt 0.541666 1.000000
vt 0.833333 1.000000
vt 0.208333 1.000000
vt 0.500000 1.000000
vt 0.791667 1.000000
vt 0.166666 1.000000
vt 0.458333 1.000000
vt 0.750000 1.000000
vt 0.125000 1.000000
vt 0.416666 1.000000
vt 0.708333 1.000000
vt 0.083333 1.000000
vt 0.375000 1.000000
vt 0.666667 1.000000
vt 0.041666 1.000000
vt 1.000000 1.000000
vt 0.958333 1.000000
vt 0.333333 1.000000
vt 0.625000 1.000000
vt -0.000000 1.000000
vt 0.625000 1.000000
vt 0.583333 1.000000
vt 0.583333 1.000000
vt 0.291667 1.000000
vt 0.333333 1.000000
vt 0.291667 1.000000
vt 0.958333 1.000000
vt 0.916667 1.000000
vt 0.916667 1.000000
vt 0.041666 1.000000
vt -0.000000 1.000000
vt -0.000000 1.000000
vt 0.666667 1.000000
vt 0.625000 1.000000
vt 0.375000 1.000000
vt 0.333333 1.000000
vt 1.000000 1.000000
vt 0.958333 1.000000
vt 0.083333 1.000000
vt 0.041666 1.000000
vt 0.708333 1.000000
vt 0.666667 1.000000
vt 0.416666 1.000000
vt 0.375000 1.000000
vt 0.125000 1.000000
vt 0.083333 1.000000
vt 0.750000 1.000000
vt 0.708333 1.000000
vt 0.458333 1.000000
vt 0.416666 1.000000
vt 0.166666 1.000000
vt 0.125000 1.000000
vt 0.791667 1.000000
vt 0.750000 1.000000
vt 0.500000 1.000000
vt 0.458333 1.000000
vt 0.208333 1.000000
vt 0.166666 1.000000
vt 0.833333 1.000000
vt 0.791667 1.000000
vt 0.541666 1.000000
vt 0.500000 1.000000
vt 0.250000 1.000000
vt 0.208333 1.000000
vt 0.875000 1.000000
vt 0.833333 1.000000
vt 0.541666 1.000000
vt 0.250000 1.000000
vt 0.166666 1.000000
vt 0.125000 1.000000
vt 0.791667 1.000000
vt 0.750000 1.000000
vt 0.500000 1.000000
vt 0.458333 1.000000
vt 0.208333 1.000000
vt 0.833333 1.000000
vt 0.541666 1.000000
vt 0.250000 1.000000
vt 0.875000 1.000000
vt 0.583333 1.000000
vt 0.291667 1.000000
vt 0.916667 1.000000
vt 0.625000 1.000000
vt 0.333333 1.000000
vt 0.958333 1.000000
vt 0.041666 1.000000
vt -0.000000 1.000000
vt 0.666667 1.000000
vt 0.375000 1.000000
vt 1.000000 1.000000
vt 0.083333 1.000000
vt 0.708333 1.000000
vt 0.416666 1.000000
vt 0.875000 1.000000
vt 0.916667 1.000000
vt 0.958333 1.000000
vt 0.958333 1.000000
vt 0.916667 1.000000
vt 0.916667 1.000000
vt 0.833333 1.000000
vt 0.875000 1.000000
vt 0.875000 1.000000
vt 0.833333 1.000000
vt 0.833333 1.000000
vt 0.791667 1.000000
vt 0.791667 1.000000
vt 0.708333 1.000000
vt 0.750000 1.000000
vt 0.750000 1.000000
vt 0.666667 1.000000
vt 0.708333 1.000000
vt 0.708333 1.000000
vt 0.625000 1.000000
vt 0.666667 1.000000
vt 0.666667 1.000000
vt 0.583333 1.000000
vt 0.625000 1.000000
vt 0.625000 1.000000
vt 0.541666 1.000000
vt 0.583333 1.000000
vt 0.583333 1.000000
vt 0.500000 1.000000
vt 0.541666 1.000000
vt 0.541666 1.000000
vt 0.500000 1.000000
vt 0.500000 1.000000
vt 0.458333 1.000000
vt 0.458333 1.000000
vt 0.416666 1.000000
vt 0.416666 1.000000
vt 0.333333 1.000000
vt 0.375000 1.000000
vt 0.375000 1.000000
vt 0.291667 1.000000
vt 0.333333 1.000000
vt 0.333333 1.000000
vt 0.291667 1.000000
vt 0.291667 1.000000
vt 0.208333 1.000000
vt 0.250000 1.000000
vt 0.250000 1.000000
vt 0.166666 1.000000
vt 0.208333 1.000000
vt 0.208333 1.000000
vt 0.166666 1.000000
vt 0.166666 1.000000
vt 0.125000 1.000000
vt 0.125000 1.000000
vt 0.041666 1.000000
vt 0.083333 1.000000
vt 0.083333 1.000000
vt -0.000000 1.000000
vt 0.041666 1.000000
vt 0.041666 1.000000
vt 1.000000 1.000000
vt 1.000000 1.000000
vt 0.333333 1.000000
vt 0.291667 1.000000
vt 0.958333 1.000000
vt 0.916667 1.000000
vt 0.041666 1.000000
vt -0.000000 1.000000
vt -0.000000 1.000000
vt 0.666667 1.000000
vt 0.625000 1.000000
vt 0.375000 1.000000
vt 1.000000 1.000000
vt 0.083333 1.000000
vt 0.416666 1.000000
vt 0.125000 1.000000
vt 0.708333 1.000000
vt 0.458333 1.000000
vt 0.166666 1.000000
vt 0.791667 1.000000
vt 0.750000 1.000000
vt 0.500000 1.000000
vt 0.208333 1.000000
vt 0.833333 1.000000
vt 0.541666 1.000000
vt 0.250000 1.000000
vt 0.875000 1.000000
vt 0.583333 1.000000
vt 0.500000 1.000000
vt 0.458333 1.000000
vt 0.208333 1.000000
vt 0.166666 1.000000
vt 0.791667 1.000000
vt 0.541666 1.000000
vt 0.833333 1.000000
vt 0.583333 1.000000
vt 0.250000 1.000000
vt 0.875000 1.000000
vt 0.625000 1.000000
vt 0.333333 1.000000
vt 0.291667 1.000000
vt 0.958333 1.000000
vt 0.916667 1.000000
vt 0.041666 1.000000
vt -0.000000 1.000000
vt 0.666667 1.000000
vt 0.375000 1.000000
vt 0.083333 1.000000
vt 0.708333 1.000000
vt 0.416666 1.000000
vt 0.125000 1.000000
vt 0.750000 1.000000
vt 0.958333 1.000000
vt 0.916667 1.000000
vt 0.041666 1.000000
vt -0.000000 1.000000
vt 0.625000 1.000000
vt 0.375000 1.000000
vt 0.333333 1.000000
vt 1.000000 1.000000
vt 0.083333 1.000000
vt 0.666667 1.000000
vt 0.416666 1.000000
vt 0.125000 1.000000
vt 0.750000 1.000000
vt 0.708333 1.000000
vt 0.458333 1.000000
vt 0.166666 1.000000
vt 0.791667 1.000000
vt 0.500000 1.000000
vt 0.208333 1.000000
vt 0.833333 1.000000
vt 0.541666 1.000000
vt 0.250000 1.000000
vt 0.583333 1.000000
vt 0.291667 1.000000
vt 0.875000 1.000000
vt 0.458333 1.000000
vt 0.208333 1.000000
vt 0.166666 1.000000
vt 0.833333 1.000000
vt 0.791667 1.000000
vt 0.541666 1.000000
vt 0.500000 1.000000
vt 0.250000 1.000000
vt 0.875000 1.000000
vt 0.583333 1.000000
vt 0.916667 1.000000
vt 0.333333 1.000000
vt 0.291667 1.000000
vt 0.041666 1.000000
vt -0.000000 1.000000
vt 0.625000 1.000000
vt 0.375000 1.000000
vt 0.958333 1.000000
vt 0.708333 1.000000
vt 0.666667 1.000000
vt 0.083333 1.000000
vt 0.416666 1.000000
vt 0.125000 1.000000
vt 0.041666 1.000000
vt -0.000000 1.000000
vt 0.666667 1.000000
vt 0.625000 1.000000
vt 0.375000 1.000000
vt 0.333333 1.000000
vt 1.000000 1.000000
vt 0.958333 1.000000
vt 0.083333 1.000000
vt 0.708333 1.000000
vt 0.416666 1.000000
vt 0.125000 1.000000
vt 0.750000 1.000000
vt 0.458333 1.000000
vt 0.166666 1.000000
vt 0.791667 1.000000
vt 0.750000 1.000000
vt 0.500000 1.000000
vt 0.208333 1.000000
vt 0.833333 1.000000
vt 0.541666 1.000000
vt 0.250000 1.000000
vt 0.875000 1.000000
vt 0.583333 1.000000
vt 0.291667 1.000000
vt 0.916667 1.000000
vt 0.208333 1.000000
vt 0.166666 1.000000
vt 0.791667 1.000000
vt 0.541666 1.000000
vt 0.500000 1.000000
vt 0.250000 1.000000
vt 0.833333 1.000000
vt 0.291667 1.000000
vt 0.916667 1.000000
vt 0.875000 1.000000
vt 0.583333 1.000000
vt 0.958333 1.000000
vt 0.041666 1.000000
vt -0.000000 1.000000
vt 0.666667 1.000000
vt 0.625000 1.000000
vt 0.375000 1.000000
vt 0.333333 1.000000
vt 1.000000 1.000000
vt 0.083333 1.000000
vt 0.708333 1.000000
vt 0.416666 1.000000
vt 0.125000 1.000000
vt 0.750000 1.000000
vt 0.458333 1.000000
vt 0.666667 1.000000
vt 0.625000 1.000000
vt 0.375000 1.000000
vt 0.333333 1.000000
vt 1.000000 1.000000
vt 0.958333 1.000000
vt 0.083333 1.000000
vt 0.041666 1.000000
vt 0.708333 1.000000
vt 0.416666 1.000000
vt 0.125000 1.000000
vt 0.750000 1.000000
vt 0.458333 1.000000
vt 0.166666 1.000000
vt 0.791667 1.000000
vt 0.500000 1.000000
vt 0.208333 1.000000
vt 0.833333 1.000000
vt 0.541666 1.000000
vt 0.250000 1.000000
vt 0.875000 1.000000
vt 0.583333 1.000000
vt 0.291667 1.000000
vt 0.916667 1.000000
vt 0.166666 1.000000
vt 0.833333 1.000000
vt 0.791667 1.000000
vt 0.541666 1.000000
vt 0.500000 1.000000
vt 0.250000 1.000000
vt 0.208333 1.000000
vt 0.875000 1.000000
vt 0.291667 1.000000
vt 0.916667 1.000000
vt 0.625000 1.000000
vt 0.583333 1.000000
vt 0.333333 1.000000
vt 0.041666 1.000000
vt -0.000000 1.000000
vt -0.000000 1.000000
vt 1.000000 1.000000
vt 0.958333 1.000000
vt 0.083333 1.000000
vt 0.666667 1.000000
vt 0.375000 1.000000
vt 0.750000 1.000000
vt 0.708333 1.000000
vt 0.458333 1.000000
vt 0.416666 1.000000
vt 0.125000 1.000000
vt 0.375000 1.000000
vt 0.333333 1.000000
vt 1.000000 1.000000
vt 0.958333 1.000000
vt 0.083333 1.000000
vt 0.041666 1.000000
vt 0.708333 1.000000
vt 0.666667 1.000000
vt 0.416666 1.000000
vt 0.125000 1.000000
vt 0.750000 1.000000
vt 0.458333 1.000000
vt 0.166666 1.000000
vt 0.791667 1.000000
vt 0.500000 1.000000
vt 0.208333 1.000000
vt 0.541666 1.000000
vt 0.250000 1.000000
vt 0.875000 1.000000
vt 0.833333 1.000000
vt 0.583333 1.000000
vt 0.291667 1.000000
vt 0.916667 1.000000
vt 0.625000 1.000000
vt -0.000000 1.000000
vt 0.791667 1.000000
vt 0.541666 1.000000
vt 0.500000 1.000000
vt 0.250000 1.000000
vt 0.208333 1.000000
vt 0.833333 1.000000
vt 0.291667 1.000000
vt 0.916667 1.000000
vt 0.875000 1.000000
vt 0.625000 1.000000
vt 0.583333 1.000000
vt 0.333333 1.000000
vt 0.958333 1.000000
vt 0.041666 1.000000
vt -0.000000 1.000000
vt 0.375000 1.000000
vt 0.083333 1.000000
vt 0.666667 1.000000
vt 0.416666 1.000000
vt 0.125000 1.000000
vt 0.708333 1.000000
vt 0.166666 1.000000
vt 0.750000 1.000000
vt 0.458333 1.000000
vt 0.375000 1.000000
vt 0.333333 1.000000
vt 1.000000 1.000000
vt 0.958333 1.000000
vt 0.083333 1.000000
vt 0.041666 1.000000
vt 0.708333 1.000000
vt 0.666667 1.000000
vt 0.416666 1.000000
vt 0.125000 1.000000
vt 0.750000 1.000000
vt 0.458333 1.000000
vt 0.166666 1.000000
vt 0.791667 1.000000
vt 0.500000 1.000000
vt 0.208333 1.000000
vt 0.833333 1.000000
vt 0.541666 1.000000
vt 0.250000 1.000000
vt 0.875000 1.000000
vt 0.583333 1.000000
vt 0.291667 1.000000
vt 0.916667 1.000000
vt 0.625000 1.000000
vt -0.000000 1.000000
vt 0.833333 1.000000
vt 0.791667 1.000000
vt 0.500000 1.000000
vt 0.208333 1.000000
vt 0.875000 1.000000
vt 0.541666 1.000000
vt 0.250000 1.000000
vt 0.916667 1.000000
vt 0.625000 1.000000
vt 0.583333 1.000000
vt 0.291667 1.000000
vt 0.958333 1.000000
vt 0.041666 1.000000
vt -0.000000 1.000000
vt 0.666667 1.000000
vt 0.333333 1.000000
vt 1.000000 1.000000
vt 0.083333 1.000000
vt 0.708333 1.000000
vt 0.416666 1.000000
vt 0.375000 1.000000
vt 0.750000 1.000000
vt 0.458333 1.000000
vt 0.166666 1.000000
vt 0.125000 1.000000
vt 0.375000 1.000000
vt 0.333333 1.000000
vt 1.000000 1.000000
vt 0.958333 1.000000
vt 0.083333 1.000000
vt 0.041666 1.000000
vt 0.708333 1.000000
vt 0.666667 1.000000
vt 0.416666 1.000000
vt 0.125000 1.000000
vt 0.750000 1.000000
vt 0.458333 1.000000
vt 0.166666 1.000000
vt 0.791667 1.000000
vt 0.500000 1.000000
vt 0.208333 1.000000
vt 0.833333 1.000000
vt 0.541666 1.000000
vt 0.250000 1.000000
vt 0.875000 1.000000
vt 0.583333 1.000000
vt 0.291667 1.000000
vt 0.916667 1.000000
vt 0.625000 1.000000
vt -0.000000 1.000000
vt 0.083333 1.000000
vt 0.333333 1.000000
vt 0.291667 1.000000
vt 0.500000 1.000000
vt 0.750000 1.000000
vt 0.708333 1.000000
vt 0.916667 1.000000
vt 0.041666 1.000000
vt -0.000000 1.000000
vt 0.250000 1.000000
vt 0.208333 1.000000
vt 0.458333 1.000000
vt 0.416666 1.000000
vt 0.625000 1.000000
vt 0.833333 1.000000
vt 0.125000 1.000000
vt 0.375000 1.000000
vt 0.583333 1.000000
vt 0.541666 1.000000
vt 0.791667 1.000000
vt 1.000000 1.000000
vt 0.958333 1.000000
vt 0.666667 1.000000
vt 0.875000 1.000000
vt 0.166666 1.000000
vt 0.919706 0.419706
vt 0.981822 0.187883
vt 0.580294 0.080294
vt -0.000000 0.500000
vt 0.041666 0.500000
vt 0.083333 0.500000
vt 0.125000 0.500000
vt 0.166666 0.500000
vt 0.208333 0.500000
vt 0.250000 0.500000
vt 0.291667 0.500000
vt 0.333333 0.500000
vt 0.375000 0.500000
vt 0.416666 0.500000
vt 0.458333 0.500000
vt 0.500000 0.500000
vt 0.541666 0.500000
vt 0.583333 0.500000
vt 0.625000 0.500000
vt 0.666667 0.500000
vt 0.708333 0.500000
vt 0.750000 0.500000
vt 0.791667 0.500000
vt 0.833333 0.500000
vt 0.875000 0.500000
vt 0.916667 0.500000
vt 0.958333 0.500000
vt 1.000000 0.500000
vt 0.862397 0.501264
vt 0.637603 0.748736
vt 0.637603 0.501264
vt 0.362397 0.501264
vt 0.137603 0.748736
vt 0.137603 0.501264
vt 0.612397 0.501264
vt 0.387603 0.748736
vt 0.387603 0.501264
vt 0.612397 0.251264
vt 0.387603 0.498736
vt 0.387603 0.251264
vt 0.623736 0.001264
vt 0.376264 0.248736
vt 0.376264 0.001264
vt 0.569444 1.000000
vt 0.916667 1.000000
vt 0.930555 1.000000
vt 0.625000 1.000000
vt 0.888889 1.000000
vt 0.611111 1.000000
vt 0.666667 1.000000
vt 0.847222 1.000000
vt 0.652778 1.000000
vt 0.708333 1.000000
vt 0.805555 1.000000
vt 0.694444 1.000000
vt 0.750000 1.000000
vt 0.763889 1.000000
vt 0.736111 1.000000
vt 0.791667 1.000000
vt 0.722222 1.000000
vt 0.777778 1.000000
vt 0.833333 1.000000
vt 0.680555 1.000000
vt 0.819444 1.000000
vt 0.875000 1.000000
vt 0.638889 1.000000
vt 0.861111 1.000000
vt 0.916667 1.000000
vt 0.597222 1.000000
vt 0.902778 1.000000
vt 0.958333 1.000000
vt 0.555555 1.000000
vt 0.944444 1.000000
vt 1.000000 1.000000
vt 0.513889 1.000000
vt 0.986111 1.000000
vt 0.041666 1.000000
vt 0.472222 1.000000
vt 0.027778 1.000000
vt 0.083333 1.000000
vt 0.430555 1.000000
vt 0.069444 1.000000
vt 0.125000 1.000000
vt 0.388889 1.000000
vt 0.111111 1.000000
vt 0.166666 1.000000
vt 0.347222 1.000000
vt 0.152778 1.000000
vt 0.208333 1.000000
vt 0.305555 1.000000
vt 0.194444 1.000000
vt 0.250000 1.000000
vt 0.263889 1.000000
vt 0.236111 1.000000
vt 0.291667 1.000000
vt 0.222222 1.000000
vt 0.277778 1.000000
vt 0.333333 1.000000
vt 0.180555 1.000000
vt 0.319444 1.000000
vt 0.375000 1.000000
vt 0.138889 1.000000
vt 0.361111 1.000000
vt 0.416666 1.000000
vt 0.097222 1.000000
vt 0.402778 1.000000
vt 0.458333 1.000000
vt 0.055555 1.000000
vt 0.444444 1.000000
vt 0.500000 1.000000
vt 0.013889 1.000000
vt 0.486111 1.000000
vt 0.541666 1.000000
vt 0.972222 1.000000
vt 0.527778 1.000000
vt 0.513889 1.000000
vt 1.000000 1.000000
vt 0.500000 1.000000
vt 0.986111 1.000000
vt 0.472222 1.000000
vt 0.041666 1.000000
vt 0.458333 1.000000
vt 0.763889 1.000000
vt 0.777778 1.000000
vt 0.430555 1.000000
vt 0.083333 1.000000
vt 0.416666 1.000000
vt 0.069444 1.000000
vt 0.388889 1.000000
vt 0.125000 1.000000
vt 0.375000 1.000000
vt 0.305555 1.000000
vt 0.194444 1.000000
vt 0.194444 1.000000
vt 0.347222 1.000000
vt 0.166666 1.000000
vt 0.333333 1.000000
vt 0.152778 1.000000
vt 0.208333 1.000000
vt 0.291667 1.000000
vt 0.777778 1.000000
vt 0.722222 1.000000
vt 0.777778 1.000000
vt 0.263889 1.000000
vt 0.250000 1.000000
vt 0.236111 1.000000
vt 0.222222 1.000000
vt 0.291667 1.000000
vt 0.208333 1.000000
vt 0.111111 1.000000
vt 0.111111 1.000000
vt 0.180555 1.000000
vt 0.333333 1.000000
vt 0.166666 1.000000
vt 0.319444 1.000000
vt 0.138889 1.000000
vt 0.375000 1.000000
vt 0.125000 1.000000
vt 0.069444 1.000000
vt 0.097222 1.000000
vt 0.416666 1.000000
vt 0.083333 1.000000
vt 0.402778 1.000000
vt 0.055555 1.000000
vt 0.458333 1.000000
vt 0.041666 1.000000
vt 0.569444 1.000000
vt 0.013889 1.000000
vt 0.500000 1.000000
vt -0.000000 1.000000
vt 0.486111 1.000000
vt 0.972222 1.000000
vt 0.541666 1.000000
vt 0.958333 1.000000
vt 0.444444 1.000000
vt 0.444444 1.000000
vt 0.930556 1.000000
vt 0.583333 1.000000
vt 0.916667 1.000000
vt 0.569444 1.000000
vt 0.888889 1.000000
vt 0.625000 1.000000
vt 0.875000 1.000000
vt 0.194444 1.000000
vt 0.847222 1.000000
vt 0.666667 1.000000
vt 0.833333 1.000000
vt 0.652778 1.000000
vt 0.805555 1.000000
vt 0.708333 1.000000
vt 0.791667 1.000000
vt 0.741336 1.000000
vt 0.767205 1.000000
vt 0.732794 1.000000
vt 0.750000 1.000000
vt 0.736111 1.000000
vt 0.722222 1.000000
vt 0.791667 1.000000
vt 0.708333 1.000000
vt 0.111111 1.000000
vt 0.680555 1.000000
vt 0.833333 1.000000
vt 0.666667 1.000000
vt 0.819444 1.000000
vt 0.638889 1.000000
vt 0.875000 1.000000
vt 0.625000 1.000000
vt 0.344814 1.000000
vt 0.163727 1.000000
vt 0.336273 1.000000
vt 0.597222 1.000000
vt 0.916667 1.000000
vt 0.583333 1.000000
vt 0.902778 1.000000
vt 0.541666 1.000000
vt 0.944444 1.000000
vt 0.958333 1.000000
vt 0.694444 1.000000
vt 0.694444 1.000000
vt 0.486111 1.000000
vt 0.097222 1.000000
vt 0.402778 1.000000
vt 0.180555 1.000000
vt 0.319444 1.000000
vt 0.263889 1.000000
vt 0.236111 1.000000
vt 0.347222 1.000000
vt 0.152778 1.000000
vt 0.069444 1.000000
vt 0.986111 1.000000
vt 0.597222 1.000000
vt 0.902778 1.000000
vt 0.819444 1.000000
vt 0.736111 1.000000
vt 0.847222 1.000000
vt 0.652778 1.000000
vt 0.555555 1.000000
vt 0.944444 1.000000
vt 0.189597 1.000000
vt 0.318944 1.000000
vt 0.181055 1.000000
vt 0.736111 1.000000
vt 0.819444 1.000000
vt 0.486111 1.000000
vt 0.861111 1.000000
vt 0.241336 1.000000
vt 0.267205 1.000000
vt 0.232794 1.000000
vt 0.527778 1.000000
vt 0.527778 1.000000
vt 0.652778 1.000000
vt 0.277778 1.000000
vt 0.793075 1.000000
vt 0.715466 1.000000
vt 0.784534 1.000000
vt 0.277778 1.000000
vt 0.222222 1.000000
vt 0.277778 1.000000
vt 0.694444 1.000000
vt 0.361111 1.000000
vt 0.527778 1.000000
vt 0.027778 1.000000
vt 0.861111 1.000000
vt 0.861111 1.000000
vt 0.027778 1.000000
vt 0.027778 1.000000
vt 0.569444 1.000000
vt 0.844814 1.000000
vt 0.663727 1.000000
vt 0.836273 1.000000
vt 0.293075 1.000000
vt 0.215466 1.000000
vt 0.284534 1.000000
vt 0.611111 1.000000
vt 0.611111 1.000000
vt 0.402778 1.000000
vt 0.319444 1.000000
vt 0.896553 1.000000
vt 0.611988 1.000000
vt 0.888012 1.000000
vt 0.361111 1.000000
vt 0.138889 1.000000
vt 0.361111 1.000000
vt 0.986111 1.000000
vt 0.396553 1.000000
vt 0.111988 1.000000
vt 0.388012 1.000000
vt 0.444444 1.000000
vt 0.236111 1.000000
vt 0.689597 1.000000
vt 0.818945 1.000000
vt 0.681055 1.000000
vt 0.611111 1.000000
vt 0.152778 1.000000
vt 0.944444 1.000000
vt 0.137857 1.000000
vt 0.370684 1.000000
vt 0.129316 1.000000
vt 0.637857 1.000000
vt 0.870684 1.000000
vt 0.629316 1.000000
vt 0.670535 1.000000
vt 0.659237 1.000000
vt 0.652761 1.000000
vt 0.888906 1.000000
vt 0.902778 1.000000
vt 0.888889 1.000000
vt 0.680572 1.000000
vt 0.694427 1.000000
vt 0.680619 1.000000
vt 0.694381 1.000000
vt 0.840763 1.000000
vt 0.810403 1.000000
vt 0.829464 1.000000
vt 0.738626 1.000000
vt 0.727328 1.000000
vt 0.736094 1.000000
vt 0.819427 1.000000
vt 0.805555 1.000000
vt 0.805573 1.000000
vt 0.763889 1.000000
vt 0.777761 1.000000
vt 0.763952 1.000000
vt 0.777714 1.000000
vt 0.761373 1.000000
vt 0.758664 1.000000
vt 0.847222 1.000000
vt 0.861094 1.000000
vt 0.847286 1.000000
vt 0.861048 1.000000
vt 0.693282 1.000000
vt 0.706925 1.000000
vt 0.930556 1.000000
vt 0.944427 1.000000
vt 0.930619 1.000000
vt 0.944381 1.000000
vt 0.625191 1.000000
vt 0.655186 1.000000
vt 0.942900 1.000000
vt 0.972239 1.000000
vt 0.986094 1.000000
vt 0.569427 1.000000
vt 0.555555 1.000000
vt 0.555572 1.000000
vt 0.091145 1.000000
vt 0.102444 1.000000
vt 0.055572 1.000000
vt 0.069427 1.000000
vt 0.486094 1.000000
vt 0.472222 1.000000
vt 0.472239 1.000000
vt 0.097222 1.000000
vt 0.111094 1.000000
vt 0.097286 1.000000
vt 0.111047 1.000000
vt 0.408854 1.000000
vt 0.362142 1.000000
vt 0.397555 1.000000
vt 0.180555 1.000000
vt 0.194427 1.000000
vt 0.180619 1.000000
vt 0.194381 1.000000
vt 0.340763 1.000000
vt 0.310403 1.000000
vt 0.329464 1.000000
vt 0.227328 1.000000
vt 0.238626 1.000000
vt 0.236094 1.000000
vt 0.305572 1.000000
vt 0.305555 1.000000
vt 0.263889 1.000000
vt 0.277761 1.000000
vt 0.263952 1.000000
vt 0.277714 1.000000
vt 0.272672 1.000000
vt 0.258664 1.000000
vt 0.261373 1.000000
vt 0.347222 1.000000
vt 0.361094 1.000000
vt 0.347239 1.000000
vt 0.361047 1.000000
vt 0.204581 1.000000
vt 0.206925 1.000000
vt 0.193282 1.000000
vt 0.431601 1.000000
vt 0.442900 1.000000
vt 0.486094 1.000000
vt 0.069427 1.000000
vt 0.055555 1.000000
vt 0.055572 1.000000
vt 0.513906 1.000000
vt 0.527761 1.000000
vt 0.513952 1.000000
vt 0.527714 1.000000
vt 0.068398 1.000000
vt 0.103446 1.000000
vt 0.057100 1.000000
vt 0.972239 1.000000
vt 0.986094 1.000000
vt 0.986048 1.000000
vt 0.591145 1.000000
vt 0.597222 1.000000
vt 0.611094 1.000000
vt 0.597239 1.000000
vt 0.611047 1.000000
vt 0.908854 1.000000
vt 0.862142 1.000000
vt 0.897555 1.000000
vt 0.806718 1.000000
vt 0.805572 1.000000
vt 0.819427 1.000000
vt 0.736094 1.000000
vt 0.722222 1.000000
vt 0.722239 1.000000
vt 0.874809 1.000000
vt 0.863510 1.000000
vt 0.902761 1.000000
vt 0.638906 1.000000
vt 0.638889 1.000000
vt 0.013889 1.000000
vt 0.027761 1.000000
vt 0.013952 1.000000
vt 0.027714 1.000000
vt 0.568399 1.000000
vt 0.603446 1.000000
vt 0.557100 1.000000
vt 0.170535 1.000000
vt 0.159237 1.000000
vt 0.152761 1.000000
vt 0.402761 1.000000
vt 0.388889 1.000000
vt 0.388906 1.000000
vt 0.295419 1.000000
vt 0.306717 1.000000
vt 0.319427 1.000000
vt 0.236094 1.000000
vt 0.222222 1.000000
vt 0.222239 1.000000
vt 0.363510 1.000000
vt 0.374809 1.000000
vt 0.388906 1.000000
vt 0.402761 1.000000
vt 0.152761 1.000000
vt 0.138889 1.000000
vt 0.138906 1.000000
vt 0.430555 1.000000
vt 0.444427 1.000000
vt 0.430572 1.000000
vt 0.444381 1.000000
vt 0.136490 1.000000
vt 0.155186 1.000000
vt 0.125191 1.000000
vt 0.461396 1.000000
vt 0.038603 1.000000
vt 0.472222 1.000000
vt 0.013889 1.000000
vt 0.474608 1.000000
vt 0.025391 1.000000
vt 0.382123 1.000000
vt 0.117877 1.000000
vt 0.388889 1.000000
vt 0.395335 1.000000
vt 0.197151 1.000000
vt 0.302849 1.000000
vt 0.305555 1.000000
vt 0.316061 1.000000
vt 0.183939 1.000000
vt 0.223575 1.000000
vt 0.276424 1.000000
vt 0.236788 1.000000
vt 0.263212 1.000000
vt 0.355698 1.000000
vt 0.144302 1.000000
vt 0.157514 1.000000
vt 0.342486 1.000000
vt 0.065028 1.000000
vt 0.434972 1.000000
vt 0.055555 1.000000
vt 0.430555 1.000000
vt 0.078240 1.000000
vt 0.421759 1.000000
vt 0.931601 1.000000
vt 0.961397 1.000000
vt 0.538603 1.000000
vt 0.972222 1.000000
vt 0.525391 1.000000
vt 0.974608 1.000000
vt 0.636490 1.000000
vt 0.882123 1.000000
vt 0.617877 1.000000
vt 0.888889 1.000000
vt 0.604665 1.000000
vt 0.895335 1.000000
vt 0.795419 1.000000
vt 0.704581 1.000000
vt 0.802849 1.000000
vt 0.697151 1.000000
vt 0.805555 1.000000
vt 0.683939 1.000000
vt 0.816061 1.000000
vt 0.772672 1.000000
vt 0.723575 1.000000
vt 0.763212 1.000000
vt 0.736788 1.000000
vt 0.855698 1.000000
vt 0.644301 1.000000
vt 0.638889 1.000000
vt 0.842486 1.000000
vt 0.657514 1.000000
vt 0.565028 1.000000
vt 0.934972 1.000000
vt 0.555555 1.000000
vt 0.930555 1.000000
vt 0.578240 1.000000
vt 0.921759 1.000000
vt 0.602444 1.000000
vt 0.875000 0.500000
vt 0.625000 0.500000
vt 0.875000 0.750000
vt 0.625000 0.750000
vt 0.862397 0.748735
vt 0.375000 0.500000
vt 0.125000 0.500000
vt 0.375000 0.750000
vt 0.125000 0.750000
vt 0.362397 0.748735
vt 0.376264 0.751264
vt 0.375000 0.750000
vt 0.625000 1.000000
vt 0.623736 0.751264
vt 0.375000 1.000000
vt 0.623736 0.998736
vt 0.376264 0.998736
vt 0.625000 0.500000
vt 0.375000 0.500000
vt 0.625000 0.750000
vt 0.612397 0.748735
vt 0.625000 0.250000
vt 0.375000 0.250000
vt 0.612397 0.498736
vt 0.625000 0.000000
vt 0.375000 0.000000
vt 0.625000 0.250000
vt 0.375000 0.250000
vt 0.623736 0.248736
vt 0.000000 0.000000
vt 0.000000 0.000000
vt 0.000000 0.000000
vt 0.000000 0.000000
vt 0.000000 0.000000
vt 0.000000 0.000000
vt 0.000000 0.000000
vt 0.000000 0.000000
vt 0.000000 0.000000
vt 0.000000 0.000000
vt 0.000000 0.000000
vt 0.000000 0.000000
vt 0.000000 0.000000
vt 0.000000 0.000000
vt 0.000000 0.000000
vt 0.000000 0.000000
vt 0.000000 0.000000
vt 0.000000 0.000000
vt 0.000000 0.000000
vt 0.000000 0.000000
vt 0.000000 0.000000
vt 0.000000 0.000000
vt 0.000000 0.000000
vt 0.000000 0.000000
vt 0.000000 0.000000
vt 0.000000 0.000000
vt 0.000000 0.000000
vt 0.000000 0.000000
vt 0.862397 0.501264
vt 0.637603 0.748736
vt 0.637603 0.501264
vt 0.362397 0.501264
vt 0.137603 0.748736
vt 0.137603 0.501264
vt 0.612397 0.501264
vt 0.387603 0.748736
vt 0.387603 0.501264
vt 0.612397 0.251264
vt 0.387603 0.498736
vt 0.387603 0.251264
vt 0.623736 0.001264
vt 0.376264 0.248736
vt 0.376264 0.001264
vt 0.875000 0.500000
vt 0.625000 0.500000
vt 0.875000 0.750000
vt 0.625000 0.750000
vt 0.862397 0.748735
vt 0.375000 0.500000
vt 0.125000 0.500000
vt 0.375000 0.750000
vt 0.125000 0.750000
vt 0.362397 0.748735
vt 0.376264 0.751264
vt 0.375000 0.750000
vt 0.625000 1.000000
vt 0.623736 0.751264
vt 0.375000 1.000000
vt 0.623736 0.998736
vt 0.376264 0.998736
vt 0.625000 0.500000
vt 0.375000 0.500000
vt 0.625000 0.750000
vt 0.612397 0.748735
vt 0.625000 0.250000
vt 0.375000 0.250000
vt 0.612397 0.498736
vt 0.625000 0.000000
vt 0.375000 0.000000
vt 0.625000 0.250000
vt 0.375000 0.250000
vt 0.623736 0.248736
vt 0.000000 0.000000
vt 0.000000 0.000000
vt 0.000000 0.000000
vt 0.000000 0.000000
vt 0.000000 0.000000
vt 0.000000 0.000000
vt 0.000000 0.000000
vt 0.000000 0.000000
vt 0.000000 0.000000
vt 0.000000 0.000000
vt 0.000000 0.000000
vt 0.000000 0.000000
vt 0.000000 0.000000
vt 0.000000 0.000000
vt 0.000000 0.000000
vt 0.000000 0.000000
vt 0.000000 0.000000
vt 0.000000 0.000000
vt 0.000000 0.000000
vt 0.000000 0.000000
vt 0.000000 0.000000
vt 0.000000 0.000000
vt 0.000000 0.000000
vt 0.000000 0.000000
vt 0.000000 0.000000
vt 0.000000 0.000000
vt 0.000000 0.000000
vt 0.000000 0.000000
vt 0.687883 0.481822
vt 0.750000 0.490000
vt 0.812117 0.481822
vt 0.870000 0.457846
vt 0.919706 0.419706
vt 0.957846 0.370000
vt 0.981822 0.312117
vt 0.990000 0.250000
vt 0.957846 0.130000
vt 0.919706 0.080294
vt 0.870000 0.042154
vt 0.750000 0.010000
vt 0.687884 0.018178
vt 0.630000 0.042154
vt 0.542154 0.130000
vt 0.518178 0.187883
vt 0.510000 0.250000
vt 0.518178 0.312116
vt 0.542154 0.370000
vt 0.580294 0.419706
vt 0.630000 0.457846
vt 1.000000 1.000000
vt 1.000000 1.000000
vt 1.000000 1.000000
vt 0.958333 1.000000
vt 0.125000 1.000000
vt 0.250000 1.000000
vt 0.291667 1.000000
vt 0.375000 1.000000
vt 0.541666 1.000000
vt 0.625000 1.000000
vt 0.708333 1.000000
vt 0.791667 1.000000
vt 0.875000 1.000000
vt 0.916667 1.000000
vt 1.000000 1.000000
vt 1.000000 1.000000
vt 0.875000 1.000000
vt 0.791667 1.000000
vt 0.750000 1.000000
vt 0.458333 1.000000
vt 0.416666 1.000000
vt 0.375000 1.000000
vt 0.250000 1.000000
vt 0.125000 1.000000
vt 0.083333 1.000000
vt 0.958333 1.000000
vt 1.000000 1.000000
vt 1.000000 1.000000
vt 1.000000 1.000000
vt 0.687883 0.481822
vt 0.750000 0.490000
vt 0.812117 0.481822
vt 0.870000 0.457846
vt 0.957846 0.370000
vt 0.981822 0.312117
vt 0.990000 0.250000
vt 0.957846 0.130000
vt 0.919706 0.080294
vt 0.870000 0.042154
vt 0.812117 0.018178
vt 0.750000 0.010000
vt 0.687884 0.018178
vt 0.630000 0.042154
vt 0.542154 0.130000
vt 0.518178 0.187883
vt 0.510000 0.250000
vt 0.518178 0.312116
vt 0.542154 0.370000
vt 0.580294 0.419706
vt 0.630000 0.457846
vt 0.583333 1.000000
vt 0.875000 1.000000
vt 0.833333 1.000000
vt 0.791667 1.000000
vt 0.708333 1.000000
vt 0.666667 1.000000
vt 0.625000 1.000000
vt 0.583333 1.000000
vt 0.541666 1.000000
vt 0.500000 1.000000
vt 0.458333 1.000000
vt 0.416666 1.000000
vt 0.375000 1.000000
vt 0.333333 1.000000
vt 0.291667 1.000000
vt 0.208333 1.000000
vt 0.166666 1.000000
vt 0.125000 1.000000
vt 0.083333 1.000000
vt 0.041666 1.000000
vt -0.000000 1.000000
vt 0.958333 1.000000
vt 0.513889 1.000000
vt 0.680555 1.000000
vt 0.763889 1.000000
vt 0.680555 1.000000
vt 0.513889 1.000000
vt 0.972222 1.000000
vt 0.638906 1.000000
vt 0.902761 1.000000
vt 0.722239 1.000000
vt 0.763906 1.000000
vt 0.847239 1.000000
vt 0.930573 1.000000
vt 0.097239 1.000000
vt 0.180572 1.000000
vt 0.222239 1.000000
vt 0.319427 1.000000
vt 0.263906 1.000000
vt 0.347286 1.000000
vt 0.472239 1.000000
vt 0.972286 1.000000
vt 0.597286 1.000000
vt 0.888906 1.000000
vt 0.652761 1.000000
vt 0.013906 1.000000
vt 0.138906 1.000000
vt 0.305572 1.000000
vt 0.430619 1.000000
vt 0.104665 1.000000
vt 0.776425 1.000000
vn 0.1305 -0.0000 -0.9914
vn 0.3827 -0.0000 -0.9239
vn 0.6088 -0.0000 -0.7934
vn 0.7934 -0.0000 -0.6088
vn 0.9239 -0.0000 -0.3827
vn 0.9914 0.0000 -0.1305
vn 0.9914 0.0000 0.1305
vn 0.9239 0.0000 0.3827
vn 0.7934 0.0000 0.6088
vn 0.6088 0.0000 0.7934
vn 0.3827 0.0000 0.9239
vn 0.1305 0.0000 0.9914
vn -0.1305 0.0000 0.9914
vn -0.3827 0.0000 0.9239
vn -0.6088 0.0000 0.7934
vn -0.7934 0.0000 0.6088
vn -0.9239 0.0000 0.3827
vn -0.9914 0.0000 0.1305
vn -0.9914 -0.0000 -0.1305
vn -0.9239 -0.0000 -0.3827
vn -0.7934 -0.0000 -0.6088
vn -0.6088 -0.0000 -0.7934
vn 0.5175 0.8284 -0.2144
vn -0.3827 -0.0000 -0.9239
vn -0.1305 -0.0000 -0.9914
vn -0.0000 -1.0000 0.0000
vn 0.3410 0.8284 0.4444
vn -0.3410 0.8284 0.4444
vn -0.5175 0.8284 -0.2144
vn 0.3410 0.8284 -0.4444
vn 0.5175 0.8284 0.2144
vn 0.0731 0.8284 -0.5554
vn -0.0731 0.8284 0.5554
vn -0.5554 0.8284 0.0731
vn -0.2144 0.8284 -0.5175
vn 0.5554 0.8284 -0.0731
vn 0.2144 0.8284 0.5175
vn -0.4444 0.8284 0.3410
vn -0.4444 0.8284 -0.3410
vn 0.4444 0.8284 -0.3410
vn 0.4444 0.8284 0.3410
vn -0.2144 0.8284 0.5175
vn -0.5554 0.8284 -0.0731
vn -0.0731 0.8284 -0.5554
vn 0.2144 0.8284 -0.5175
vn 0.5554 0.8284 0.0731
vn 0.0731 0.8284 0.5554
vn -0.5175 0.8284 0.2144
vn -0.3410 0.8284 -0.4444
vn -0.6807 -0.6762 -0.2819
vn -0.0962 -0.6762 0.7304
vn 0.7304 -0.6762 -0.0962
vn -0.5845 -0.6762 -0.4485
vn -0.2819 -0.6762 0.6807
vn 0.7304 -0.6762 0.0962
vn -0.4485 -0.6762 -0.5845
vn -0.4485 -0.6762 0.5845
vn 0.6807 -0.6762 0.2819
vn -0.2819 -0.6762 -0.6807
vn 0.0962 -0.6762 -0.7304
vn -0.5845 -0.6762 0.4485
vn 0.5845 -0.6762 0.4485
vn -0.0962 -0.6762 -0.7304
vn 0.2819 -0.6762 -0.6807
vn -0.6807 -0.6762 0.2819
vn 0.4485 -0.6762 0.5845
vn 0.4485 -0.6762 -0.5845
vn -0.7304 -0.6762 0.0962
vn 0.2819 -0.6762 0.6807
vn 0.5845 -0.6762 -0.4485
vn -0.7304 -0.6762 -0.0962
vn 0.0962 -0.6762 0.7304
vn 0.6807 -0.6762 -0.2819
vn -0.7000 0.6526 -0.2900
vn 0.7834 0.1576 0.6012
vn -0.0989 0.6526 0.7512
vn 0.7512 0.6526 -0.0989
vn -0.6011 0.6526 -0.4613
vn -0.2900 0.6526 0.7000
vn 0.7512 0.6526 0.0989
vn -0.4613 0.6526 -0.6011
vn -0.4613 0.6526 0.6011
vn 0.7000 0.6526 0.2900
vn -0.2900 0.6526 -0.7000
vn 0.0989 0.6526 -0.7512
vn -0.6011 0.6526 0.4613
vn 0.6011 0.6526 0.4613
vn -0.0989 0.6526 -0.7512
vn 0.2900 0.6526 -0.7000
vn -0.7000 0.6526 0.2900
vn 0.4613 0.6526 0.6011
vn 0.4613 0.6526 -0.6011
vn -0.7512 0.6526 0.0989
vn 0.2900 0.6526 0.7000
vn 0.6011 0.6526 -0.4613
vn -0.7512 0.6526 -0.0989
vn 0.0989 0.6526 0.7512
vn 0.7000 0.6526 -0.2900
vn -0.1118 -0.5162 0.8491
vn -0.1289 0.1576 -0.9791
vn 0.3779 0.1576 -0.9123
vn -0.9123 0.1576 0.3779
vn 0.6012 0.1576 0.7834
vn 0.6012 0.1576 -0.7834
vn -0.9791 0.1576 0.1289
vn 0.3779 0.1576 0.9123
vn 0.7834 0.1576 -0.6012
vn -0.9791 0.1576 -0.1289
vn 0.1289 0.1576 0.9791
vn 0.9123 0.1576 -0.3779
vn -0.9123 0.1576 -0.3779
vn -0.1289 0.1576 0.9791
vn 0.9791 0.1576 -0.1289
vn -0.7834 0.1576 -0.6012
vn -0.3779 0.1576 0.9123
vn 0.9791 0.1576 0.1289
vn -0.6012 0.1576 -0.7834
vn -0.6012 0.1576 0.7834
vn 0.9123 0.1576 0.3779
vn -0.3779 0.1576 -0.9123
vn 0.1289 0.1576 -0.9791
vn -0.7834 0.1576 0.6012
vn 0.8491 -0.5162 -0.1118
vn -0.6795 -0.5162 -0.5214
vn -0.3277 -0.5162 0.7913
vn 0.8491 -0.5162 0.1118
vn -0.5214 -0.5162 -0.6795
vn -0.5214 -0.5162 0.6795
vn 0.7913 -0.5162 0.3278
vn -0.3277 -0.5162 -0.7913
vn 0.1118 -0.5162 -0.8491
vn -0.6795 -0.5162 0.5214
vn 0.6795 -0.5162 0.5214
vn -0.1118 -0.5162 -0.8491
vn 0.3277 -0.5162 -0.7913
vn -0.7913 -0.5162 0.3277
vn 0.5214 -0.5162 0.6795
vn 0.5214 -0.5162 -0.6795
vn -0.8491 -0.5162 0.1118
vn 0.3277 -0.5162 0.7913
vn 0.6795 -0.5162 -0.5214
vn -0.8491 -0.5162 -0.1118
vn 0.1118 -0.5162 0.8491
vn 0.7913 -0.5162 -0.3277
vn -0.7913 -0.5162 -0.3278
vn -0.0649 0.8676 0.4930
vn 0.4930 0.8676 -0.0649
vn -0.3945 0.8676 -0.3027
vn -0.1903 0.8676 0.4594
vn 0.4930 0.8676 0.0649
vn -0.3027 0.8676 -0.3945
vn -0.3027 0.8676 0.3945
vn 0.4594 0.8676 0.1903
vn -0.1903 0.8676 -0.4594
vn 0.0649 0.8676 -0.4930
vn -0.3945 0.8676 0.3027
vn 0.3945 0.8676 0.3027
vn -0.0649 0.8676 -0.4930
vn 0.1903 0.8676 -0.4594
vn -0.4594 0.8676 0.1903
vn 0.3027 0.8676 0.3945
vn 0.3027 0.8676 -0.3945
vn -0.4930 0.8676 0.0649
vn 0.1903 0.8676 0.4594
vn 0.3945 0.8676 -0.3027
vn -0.4930 0.8676 -0.0649
vn 0.0649 0.8676 0.4930
vn 0.4594 0.8676 -0.1903
vn -0.4594 0.8676 -0.1903
vn 0.7259 -0.6811 -0.0956
vn -0.5809 -0.6811 -0.4457
vn -0.2802 -0.6811 0.6764
vn 0.7259 -0.6811 0.0956
vn -0.4457 -0.6811 -0.5809
vn -0.4457 -0.6811 0.5809
vn 0.6764 -0.6811 0.2802
vn -0.2802 -0.6811 -0.6764
vn 0.0956 -0.6811 -0.7259
vn -0.5809 -0.6811 0.4457
vn 0.5809 -0.6811 0.4457
vn -0.0956 -0.6811 -0.7259
vn 0.2802 -0.6811 -0.6764
vn -0.6764 -0.6811 0.2802
vn 0.4457 -0.6811 0.5809
vn 0.4457 -0.6811 -0.5809
vn -0.7259 -0.6811 0.0956
vn 0.2802 -0.6811 0.6764
vn 0.5809 -0.6811 -0.4457
vn -0.7259 -0.6811 -0.0956
vn 0.0956 -0.6811 0.7259
vn 0.6764 -0.6811 -0.2802
vn -0.6764 -0.6811 -0.2802
vn -0.0956 -0.6811 0.7259
vn 0.2435 0.9694 -0.0321
vn -0.1948 0.9694 -0.1495
vn -0.0940 0.9694 0.2269
vn 0.2435 0.9694 0.0321
vn -0.1495 0.9694 -0.1948
vn -0.1495 0.9694 0.1948
vn 0.2269 0.9694 0.0940
vn -0.0940 0.9694 -0.2269
vn 0.0321 0.9694 -0.2435
vn -0.1948 0.9694 0.1495
vn 0.1948 0.9694 0.1495
vn -0.0321 0.9694 -0.2435
vn 0.0940 0.9694 -0.2269
vn -0.2269 0.9694 0.0940
vn 0.1495 0.9694 0.1948
vn 0.1495 0.9694 -0.1948
vn -0.2435 0.9694 0.0321
vn 0.0940 0.9694 0.2269
vn 0.1948 0.9694 -0.1495
vn -0.2435 0.9694 -0.0321
vn 0.0321 0.9694 0.2435
vn 0.2269 0.9694 -0.0940
vn -0.2269 0.9694 -0.0940
vn -0.0321 0.9694 0.2435
vn 0.1048 -0.5963 -0.7959
vn -0.1048 -0.5963 -0.7959
vn -0.3072 -0.5963 -0.7417
vn -0.4887 -0.5963 -0.6369
vn -0.6369 -0.5963 -0.4887
vn -0.7417 -0.5963 -0.3072
vn -0.7959 -0.5963 -0.1048
vn -0.7959 -0.5963 0.1048
vn -0.7417 -0.5963 0.3072
vn -0.6369 -0.5963 0.4887
vn -0.4887 -0.5963 0.6369
vn -0.3072 -0.5963 0.7417
vn -0.1048 -0.5963 0.7959
vn 0.1048 -0.5963 0.7959
vn 0.3072 -0.5963 0.7417
vn 0.4887 -0.5963 0.6369
vn 0.6369 -0.5963 0.4887
vn 0.7417 -0.5963 0.3072
vn 0.7959 -0.5963 0.1048
vn 0.7959 -0.5963 -0.1048
vn 0.7417 -0.5963 -0.3072
vn 0.6369 -0.5963 -0.4887
vn 0.4887 -0.5963 -0.6369
vn 0.3072 -0.5963 -0.7417
vn 0.4640 0.6474 -0.6047
vn -0.7556 0.6474 0.0995
vn 0.2917 0.6474 0.7041
vn 0.6047 0.6474 -0.4640
vn -0.7556 0.6474 -0.0995
vn 0.0995 0.6474 0.7556
vn 0.7041 0.6474 -0.2917
vn -0.7041 0.6474 -0.2917
vn -0.0995 0.6474 0.7556
vn 0.7556 0.6474 -0.0995
vn -0.6047 0.6474 -0.4640
vn -0.2917 0.6474 0.7041
vn 0.7556 0.6474 0.0995
vn -0.4640 0.6474 -0.6047
vn -0.4640 0.6474 0.6047
vn 0.7041 0.6474 0.2917
vn -0.2917 0.6474 -0.7041
vn 0.0995 0.6474 -0.7556
vn -0.6047 0.6474 0.4640
vn 0.6047 0.6474 0.4640
vn -0.0995 0.6474 -0.7556
vn 0.2917 0.6474 -0.7041
vn -0.7041 0.6474 0.2917
vn 0.4640 0.6474 0.6047
vn 0.4640 -0.6474 -0.6047
vn -0.7041 -0.6474 -0.2917
vn 0.2917 -0.6474 0.7042
vn -0.0995 -0.6474 0.7556
vn 0.6047 -0.6474 -0.4640
vn -0.6047 -0.6474 -0.4640
vn 0.0995 -0.6474 0.7556
vn -0.2917 -0.6474 0.7041
vn 0.7041 -0.6474 -0.2917
vn -0.4640 -0.6474 -0.6047
vn -0.4640 -0.6474 0.6047
vn 0.7556 -0.6474 -0.0995
vn -0.2917 -0.6474 -0.7042
vn -0.6047 -0.6474 0.4640
vn 0.7556 -0.6474 0.0995
vn -0.0995 -0.6474 -0.7556
vn -0.7041 -0.6474 0.2917
vn 0.7041 -0.6474 0.2917
vn 0.0995 -0.6474 -0.7556
vn -0.7556 -0.6474 0.0995
vn 0.6047 -0.6474 0.4640
vn 0.2917 -0.6474 -0.7042
vn -0.7556 -0.6474 -0.0995
vn 0.6088 0.0000 0.7933
vn 0.6088 0.0000 -0.7933
vn -0.6088 0.0000 -0.7933
vn 0.4640 -0.6474 0.6047
vn 0.3072 0.5963 0.7417
vn 0.4887 0.5963 0.6369
vn 0.6369 0.5963 0.4887
vn 0.7417 0.5963 0.3072
vn 0.7959 0.5963 0.1048
vn 0.7959 0.5963 -0.1048
vn 0.7417 0.5963 -0.3072
vn 0.6369 0.5963 -0.4887
vn 0.4887 0.5963 -0.6369
vn 0.3072 0.5963 -0.7417
vn 0.1048 0.5963 -0.7959
vn -0.1048 0.5963 -0.7959
vn -0.3072 0.5963 -0.7417
vn -0.4887 0.5963 -0.6369
vn -0.6369 0.5963 -0.4887
vn -0.7417 0.5963 -0.3072
vn -0.7959 0.5963 -0.1048
vn -0.7959 0.5963 0.1048
vn -0.7417 0.5963 0.3072
vn -0.6369 0.5963 0.4887
vn -0.4887 0.5963 0.6369
vn -0.3072 0.5963 0.7417
vn -0.1048 0.5963 0.7959
vn 0.1048 0.5963 0.7959
vn -0.0321 -0.9694 -0.2435
vn -0.2269 -0.9694 0.0940
vn 0.2269 -0.9694 0.0940
vn 0.0321 -0.9694 -0.2435
vn -0.2435 -0.9694 0.0321
vn 0.1948 -0.9694 0.1495
vn 0.0940 -0.9694 -0.2269
vn -0.2435 -0.9694 -0.0321
vn 0.1495 -0.9694 0.1948
vn 0.1495 -0.9694 -0.1948
vn -0.2269 -0.9694 -0.0940
vn 0.0940 -0.9694 0.2269
vn -0.0321 -0.9694 0.2435
vn 0.1948 -0.9694 -0.1495
vn -0.1948 -0.9694 -0.1495
vn 0.0321 -0.9694 0.2435
vn -0.0940 -0.9694 0.2269
vn 0.2269 -0.9694 -0.0940
vn -0.1495 -0.9694 -0.1948
vn -0.1495 -0.9694 0.1948
vn 0.2435 -0.9694 -0.0321
vn -0.0940 -0.9694 -0.2269
vn -0.1948 -0.9694 0.1495
vn 0.7933 0.0000 -0.6088
vn -0.6088 0.0000 0.7933
vn -0.7934 -0.0000 0.6087
vn 0.7933 -0.0000 0.6088
vn 0.2435 -0.9694 0.0321
vn -0.0956 0.6811 -0.7259
vn -0.6764 0.6811 0.2802
vn 0.6764 0.6811 0.2802
vn 0.0956 0.6812 -0.7259
vn -0.7259 0.6811 0.0956
vn 0.5809 0.6811 0.4457
vn 0.2802 0.6811 -0.6764
vn -0.7259 0.6811 -0.0956
vn 0.4457 0.6811 0.5809
vn 0.4457 0.6812 -0.5808
vn -0.6764 0.6811 -0.2802
vn 0.2802 0.6811 0.6764
vn -0.0956 0.6811 0.7259
vn 0.5809 0.6811 -0.4457
vn -0.5809 0.6811 -0.4457
vn 0.0956 0.6811 0.7259
vn -0.2802 0.6811 0.6764
vn 0.6764 0.6811 -0.2802
vn -0.4457 0.6812 -0.5808
vn -0.4457 0.6811 0.5809
vn 0.7259 0.6811 -0.0956
vn -0.2802 0.6811 -0.6764
vn -0.5809 0.6811 0.4457
vn 0.7934 0.0000 -0.6087
vn -0.7933 0.0000 -0.6088
vn 0.7934 0.0000 0.6087
vn 0.7259 0.6811 0.0956
vn -0.4594 -0.8676 0.1903
vn 0.4594 -0.8676 0.1903
vn 0.0649 -0.8676 -0.4930
vn -0.4930 -0.8676 0.0649
vn 0.3945 -0.8676 0.3027
vn 0.1903 -0.8676 -0.4594
vn -0.4930 -0.8676 -0.0649
vn 0.3027 -0.8676 0.3945
vn 0.3027 -0.8676 -0.3945
vn -0.4594 -0.8676 -0.1903
vn 0.1903 -0.8676 0.4594
vn -0.0649 -0.8676 0.4930
vn 0.3945 -0.8676 -0.3027
vn -0.3945 -0.8676 -0.3027
vn 0.0649 -0.8676 0.4930
vn -0.1903 -0.8676 0.4594
vn 0.4594 -0.8676 -0.1903
vn -0.3027 -0.8676 -0.3945
vn -0.3027 -0.8676 0.3945
vn 0.4930 -0.8676 -0.0649
vn -0.1903 -0.8676 -0.4594
vn -0.3945 -0.8676 0.3027
vn 0.4930 -0.8676 0.0649
vn -0.0649 -0.8676 -0.4930
vn -0.7913 0.5162 0.3277
vn 0.7913 0.5162 0.3278
vn 0.1118 0.5162 -0.8491
vn -0.8491 0.5162 0.1118
vn 0.6795 0.5162 0.5214
vn 0.3278 0.5162 -0.7913
vn -0.8491 0.5162 -0.1118
vn 0.5214 0.5162 0.6795
vn 0.5214 0.5162 -0.6795
vn -0.7913 0.5162 -0.3278
vn 0.3278 0.5162 0.7913
vn -0.1118 0.5162 0.8491
vn 0.6795 0.5162 -0.5214
vn -0.6795 0.5162 -0.5214
vn 0.1118 0.5162 0.8491
vn -0.3277 0.5162 0.7913
vn 0.7913 0.5162 -0.3277
vn -0.5214 0.5162 -0.6795
vn -0.5214 0.5162 0.6795
vn 0.8491 0.5162 -0.1118
vn -0.3277 0.5162 -0.7913
vn -0.6795 0.5162 0.5214
vn 0.8491 0.5162 0.1118
vn -0.7834 -0.1576 -0.6012
vn 0.1289 -0.1576 0.9791
vn -0.3779 -0.1576 0.9123
vn 0.9123 -0.1576 -0.3779
vn -0.6012 -0.1576 -0.7834
vn -0.6012 -0.1576 0.7834
vn 0.9791 -0.1576 -0.1289
vn -0.3779 -0.1576 -0.9123
vn -0.7834 -0.1576 0.6012
vn 0.9791 -0.1576 0.1289
vn -0.1289 -0.1576 -0.9791
vn -0.9123 -0.1576 0.3779
vn 0.9123 -0.1576 0.3779
vn 0.1289 -0.1576 -0.9791
vn -0.9791 -0.1576 0.1289
vn 0.7834 -0.1576 0.6012
vn 0.3779 -0.1576 -0.9123
vn -0.9791 -0.1576 -0.1289
vn 0.6012 -0.1576 0.7834
vn 0.6012 -0.1576 -0.7834
vn -0.9123 -0.1576 -0.3779
vn 0.3779 -0.1576 0.9123
vn -0.1289 -0.1576 0.9791
vn -0.1118 0.5162 -0.8491
vn 0.7000 -0.6526 0.2899
vn 0.0989 -0.6526 -0.7512
vn -0.7512 -0.6526 0.0989
vn 0.6011 -0.6526 0.4612
vn 0.2900 -0.6526 -0.7000
vn -0.7512 -0.6526 -0.0989
vn 0.4613 -0.6526 0.6011
vn 0.4612 -0.6526 -0.6011
vn -0.7000 -0.6526 -0.2900
vn 0.2900 -0.6526 0.7000
vn -0.0989 -0.6526 0.7512
vn 0.6011 -0.6526 -0.4612
vn -0.6011 -0.6526 -0.4613
vn 0.0989 -0.6526 0.7512
vn -0.2900 -0.6526 0.7000
vn 0.7000 -0.6526 -0.2900
vn -0.4613 -0.6526 -0.6011
vn -0.4612 -0.6526 0.6011
vn 0.7512 -0.6526 -0.0989
vn -0.2900 -0.6526 -0.7000
vn -0.6011 -0.6526 0.4613
vn 0.7512 -0.6526 0.0989
vn -0.0989 -0.6526 -0.7512
vn 0.7834 -0.1576 -0.6012
vn -0.7933 0.0000 0.6088
vn -0.7000 -0.6526 0.2900
vn 0.6807 0.6762 0.2819
vn 0.0962 0.6762 -0.7304
vn -0.7304 0.6762 0.0962
vn 0.5845 0.6762 0.4485
vn 0.2819 0.6762 -0.6807
vn -0.7304 0.6762 -0.0962
vn 0.4485 0.6762 0.5845
vn 0.4485 0.6762 -0.5845
vn -0.6807 0.6762 -0.2819
vn 0.2819 0.6762 0.6807
vn -0.0962 0.6762 0.7304
vn 0.5845 0.6762 -0.4485
vn -0.5845 0.6762 -0.4485
vn 0.0962 0.6762 0.7304
vn -0.2819 0.6762 0.6807
vn 0.6807 0.6762 -0.2819
vn -0.4485 0.6762 -0.5845
vn -0.4485 0.6762 0.5845
vn 0.7304 0.6762 -0.0962
vn -0.2819 0.6762 -0.6807
vn -0.5845 0.6762 0.4485
vn 0.7304 0.6762 0.0962
vn -0.0962 0.6762 -0.7304
vn -0.6807 0.6762 0.2819
vn -0.3410 -0.8284 0.4444
vn -0.5175 -0.8284 -0.2144
vn 0.0731 -0.8284 -0.5554
vn 0.5554 -0.8284 -0.0731
vn 0.2144 -0.8284 0.5175
vn -0.0731 -0.8284 0.5554
vn -0.5554 -0.8284 0.0731
vn -0.2144 -0.8284 -0.5175
vn 0.4444 -0.8284 -0.3410
vn 0.4444 -0.8284 0.3410
vn -0.4444 -0.8284 0.3410
vn -0.4444 -0.8284 -0.3410
vn 0.2144 -0.8284 -0.5175
vn 0.5554 -0.8284 0.0731
vn -0.2144 -0.8284 0.5175
vn -0.5554 -0.8284 -0.0731
vn -0.0731 -0.8284 -0.5554
vn 0.0731 -0.8284 0.5554
vn 0.5175 -0.8284 -0.2144
vn 0.3410 -0.8284 0.4444
vn -0.5175 -0.8284 0.2144
vn -0.3410 -0.8284 -0.4444
vn 0.3410 -0.8284 -0.4444
vn 0.0000 1.0000 0.0000
vn 0.5175 -0.8284 0.2144
vn 0.0000 0.0000 -1.0000
vn 1.0000 0.0000 0.0000
vn -1.0000 0.0000 0.0000
vn 0.0000 0.0000 1.0000
vn 0.9659 -0.0000 -0.2588
vn 0.5000 0.0000 0.8660
vn 0.8660 0.0000 0.5000
vn -0.2588 -0.0000 0.9659
vn 0.2588 -0.0000 0.9659
vn -0.9659 -0.0000 -0.2588
vn 0.5000 0.0000 -0.8660
vn -0.7071 -0.0000 0.7071
vn -0.5000 0.0000 -0.8660
vn -0.5000 0.0000 0.8660
vn -0.9659 -0.0000 0.2588
vn -0.7071 -0.0000 -0.7071
vn -0.2588 -0.0000 -0.9659
vn 0.9659 -0.0000 0.2588
vn -0.8660 0.0000 0.5000
vn 0.2588 -0.0000 -0.9659
vn -0.8660 0.0000 -0.5000
vn 0.7071 -0.0000 -0.7071
vn 0.8660 0.0000 -0.5000
vn 0.9202 0.0000 -0.3915
vn 0.9977 0.0000 0.0673
vn 0.8602 -0.0000 0.5100
vn -0.2699 -0.0000 -0.9629
vn 0.1932 0.0000 -0.9811
vn 0.6163 0.0000 -0.7875
vn 0.9926 0.0000 0.1211
vn 0.8304 -0.0000 0.5571
vn 0.4900 -0.0000 0.8717
vn 0.2477 0.0000 -0.9688
vn 0.6579 0.0000 -0.7531
vn 0.9275 0.0000 -0.3738
vn 0.6989 0.0000 -0.7152
vn 0.9463 -0.0000 -0.3232
vn 0.9902 -0.0000 0.1400
vn 0.9629 0.0000 -0.2699
vn 0.9811 -0.0000 0.1933
vn 0.7875 -0.0000 0.6163
vn -0.1211 -0.0000 0.9926
vn -0.5571 -0.0000 0.8304
vn -0.8717 -0.0000 0.4900
vn -0.6011 -0.0000 0.7991
vn -0.8977 -0.0000 0.4406
vn -0.9999 -0.0000 -0.0115
vn 0.7152 0.0000 0.6989
vn 0.3232 0.0000 0.9463
vn -0.1400 0.0000 0.9902
vn 0.2699 0.0000 0.9629
vn -0.1932 0.0000 0.9812
vn -0.6163 0.0000 0.7875
vn -0.9926 -0.0000 -0.1210
vn -0.8304 -0.0000 -0.5571
vn -0.4900 -0.0000 -0.8717
vn -0.2477 0.0000 0.9688
vn -0.6579 0.0000 0.7531
vn -0.9275 0.0000 0.3738
vn -0.6989 0.0000 0.7152
vn -0.9463 0.0000 0.3232
vn -0.9902 0.0000 -0.1400
vn 0.1210 -0.0000 -0.9926
vn 0.5571 -0.0000 -0.8304
vn 0.8717 -0.0000 -0.4900
vn -0.9688 -0.0000 -0.2477
vn -0.7531 0.0000 -0.6579
vn -0.3738 0.0000 -0.9275
vn 0.9999 -0.0000 0.0115
vn 0.8977 -0.0000 -0.4406
vn 0.6012 -0.0000 -0.7991
vn -0.7152 0.0000 -0.6989
vn -0.3232 0.0000 -0.9463
vn 0.1400 0.0000 -0.9902
vn 0.7991 0.0000 0.6012
vn 0.4406 -0.0000 0.8977
vn -0.0115 -0.0000 0.9999
vn 0.3915 -0.0000 0.9202
vn -0.0673 -0.0000 0.9977
vn -0.5100 -0.0000 0.8602
vn 0.9688 0.0000 0.2477
vn 0.7531 0.0000 0.6579
vn 0.3738 0.0000 0.9275
vn -0.9202 -0.0000 0.3915
vn -0.9977 -0.0000 -0.0673
vn -0.8602 -0.0000 -0.5100
vn -0.7991 0.0000 -0.6012
vn -0.4406 -0.0000 -0.8977
vn 0.0115 -0.0000 -0.9999
vn -0.3915 -0.0000 -0.9202
vn 0.0673 -0.0000 -0.9977
vn 0.5099 -0.0000 -0.8602
vn -0.9629 0.0000 0.2699
vn -0.9811 0.0000 -0.1933
vn -0.7875 0.0000 -0.6163
vn -0.1261 0.2578 -0.9579
vn -0.0925 0.7056 -0.7026
vn -0.0339 0.9657 -0.2576
vn -0.0339 -0.9657 -0.2576
vn -0.0925 -0.7056 -0.7026
vn -0.1261 -0.2578 -0.9579
vn -0.5882 0.2578 -0.7665
vn -0.4314 0.7056 -0.5622
vn -0.1582 0.9656 -0.2061
vn -0.1582 -0.9656 -0.2062
vn -0.4314 -0.7056 -0.5622
vn -0.5882 -0.2578 -0.7665
vn -0.8927 0.2578 -0.3698
vn -0.6547 0.7056 -0.2712
vn -0.2401 0.9656 -0.0994
vn -0.2401 -0.9656 -0.0994
vn -0.6547 -0.7056 -0.2712
vn -0.8927 -0.2578 -0.3698
vn -0.9579 0.2578 0.1261
vn -0.7026 0.7056 0.0925
vn -0.2576 0.9656 0.0339
vn -0.2577 -0.9656 0.0339
vn -0.7026 -0.7056 0.0925
vn -0.9579 -0.2578 0.1261
vn -0.7665 0.2578 0.5882
vn -0.5622 0.7056 0.4314
vn -0.2062 0.9656 0.1582
vn -0.2062 -0.9656 0.1582
vn -0.5622 -0.7056 0.4314
vn -0.7665 -0.2578 0.5882
vn -0.3698 0.2578 0.8927
vn -0.2712 0.7056 0.6547
vn -0.0994 0.9656 0.2401
vn -0.0995 -0.9657 0.2401
vn -0.2712 -0.7056 0.6547
vn -0.3698 -0.2578 0.8927
vn 0.1261 0.2578 0.9579
vn 0.0925 0.7056 0.7026
vn 0.0339 0.9657 0.2576
vn 0.0339 -0.9656 0.2576
vn 0.0925 -0.7056 0.7026
vn 0.1261 -0.2578 0.9579
vn 0.5882 0.2578 0.7665
vn 0.4314 0.7056 0.5622
vn 0.1582 0.9657 0.2061
vn 0.1582 -0.9656 0.2062
vn 0.4314 -0.7056 0.5622
vn 0.5882 -0.2578 0.7665
vn 0.8927 0.2578 0.3698
vn 0.6547 0.7056 0.2712
vn 0.2401 0.9656 0.0994
vn 0.2401 -0.9656 0.0995
vn 0.6547 -0.7056 0.2712
vn 0.8927 -0.2578 0.3698
vn 0.9579 0.2578 -0.1261
vn 0.7026 0.7056 -0.0925
vn 0.2576 0.9656 -0.0339
vn 0.2577 -0.9656 -0.0339
vn 0.7026 -0.7056 -0.0925
vn 0.9579 -0.2578 -0.1261
vn 0.7665 0.2578 -0.5882
vn 0.5622 0.7056 -0.4314
vn 0.2062 0.9656 -0.1582
vn 0.2062 -0.9656 -0.1582
vn 0.5622 -0.7056 -0.4314
vn 0.7665 -0.2578 -0.5882
vn 0.3698 0.2578 -0.8927
vn 0.2712 0.7056 -0.6547
vn 0.0994 0.9656 -0.2401
vn 0.0994 -0.9656 -0.2401
vn 0.2712 -0.7056 -0.6547
vn 0.3697 -0.2578 -0.8927
vn 0.7071 -0.0000 0.7071
vn 0.6011 0.6526 -0.4612
vn 0.7913 -0.5162 0.3277
vn -0.7913 -0.5162 0.3278
vn -0.7913 -0.5162 -0.3277
vn 0.2917 -0.6474 0.7041
vn -0.2917 -0.6474 -0.7041
vn -0.0995 -0.6474 -0.7557
vn 0.2917 -0.6474 -0.7041
vn -0.2435 -0.9694 0.0320
vn -0.2435 -0.9694 -0.0320
vn 0.4457 0.6811 -0.5809
vn 0.5808 0.6811 -0.4457
vn -0.4457 0.6811 -0.5809
vn -0.6087 0.0000 -0.7934
vn -0.6087 0.0000 0.7934
vn -0.7913 0.5162 0.3278
vn 0.7913 0.5162 0.3277
vn 0.3277 0.5162 -0.7913
vn -0.7913 0.5162 -0.3277
vn 0.3277 0.5162 0.7913
vn -0.3278 0.5162 0.7912
vn 0.7913 0.5162 -0.3278
vn 0.7000 -0.6526 0.2900
vn 0.6011 -0.6526 0.4613
vn 0.4613 -0.6526 -0.6011
vn 0.6011 -0.6526 -0.4613
vn -0.6011 -0.6526 -0.4612
vn -0.4613 -0.6526 0.6011
vn -0.6011 -0.6526 0.4612
vn 0.2819 0.6762 -0.6806
vn -0.2819 0.6762 -0.6806
vn -0.2700 0.0000 -0.9629
vn 0.1933 0.0000 -0.9811
vn -0.1210 -0.0000 0.9926
vn -0.6012 -0.0000 0.7991
vn 0.2700 -0.0000 0.9629
vn -0.1933 -0.0000 0.9811
vn 0.3739 -0.0000 0.9275
vn 0.5100 -0.0000 -0.8602
vn -0.0339 0.9656 -0.2576
vn -0.0339 -0.9656 -0.2577
vn -0.0925 -0.7056 -0.7025
vn -0.1582 0.9656 -0.2062
vn -0.8927 0.2578 -0.3697
vn -0.2401 -0.9656 -0.0995
vn -0.8927 -0.2578 -0.3697
vn -0.3697 0.2578 0.8927
vn -0.0994 -0.9656 0.2401
vn 0.0339 0.9656 0.2576
vn 0.0339 -0.9657 0.2576
vn 0.1582 0.9656 0.2062
vn 0.8927 0.2578 0.3697
vn 0.0995 0.9656 -0.2401
vn 0.0994 -0.9656 -0.2402
vn 0.3698 -0.2578 -0.8927
s off
f 1/1/1 1172/2/1 1173/3/1
f 2/4/2 1171/5/2 1172/2/2
f 3/6/3 1170/7/3 1171/5/3
f 4/8/4 1169/9/4 1170/7/4
f 5/10/5 1168/11/5 1169/9/5
f 6/12/6 7/13/6 1168/11/6
f 8/14/7 1167/15/7 7/13/7
f 9/16/8 1166/17/8 1167/15/8
f 10/18/9 1165/19/9 1166/17/9
f 11/20/10 1164/21/10 1165/19/10
f 12/22/11 1163/23/11 1164/21/11
f 1163/23/12 14/24/12 1184/25/12
f 1184/25/13 15/26/13 1183/27/13
f 1183/27/14 16/28/14 1182/29/14
f 1182/29/15 17/30/15 1181/31/15
f 1181/31/16 18/32/16 1180/33/16
f 1180/33/17 19/34/17 1179/35/17
f 1179/35/18 21/36/18 20/37/18
f 20/37/19 22/38/19 1178/39/19
f 1178/39/20 23/40/20 1177/41/20
f 1177/41/21 24/42/21 1176/43/21
f 1176/43/22 25/44/22 1175/45/22
f 5/10/23 32/46/23 6/12/23
f 1175/45/24 26/47/24 1174/48/24
f 26/47/25 1173/49/25 1174/48/25
f 1167/50/26 1163/51/26 1181/52/26
f 35/53/9 60/54/9 36/55/9
f 11/20/27 37/56/27 12/22/27
f 16/28/28 42/57/28 17/30/28
f 23/40/29 46/58/29 47/59/29
f 3/6/30 30/60/30 4/8/30
f 10/18/31 34/61/31 35/53/31
f 1/1/32 27/62/32 2/4/32
f 14/24/33 40/63/33 15/26/33
f 19/34/34 45/64/34 21/36/34
f 25/44/35 50/65/35 26/47/35
f 8/14/36 32/46/36 33/66/36
f 13/67/37 37/56/37 38/68/37
f 17/30/38 43/69/38 18/32/38
f 23/40/39 48/70/39 24/42/39
f 4/8/40 31/71/40 5/10/40
f 10/18/41 36/55/41 11/20/41
f 16/28/42 40/63/42 41/72/42
f 21/36/43 46/58/43 22/38/43
f 1/73/44 50/65/44 28/74/44
f 3/6/45 27/62/45 29/75/45
f 8/14/46 34/61/46 9/16/46
f 14/24/47 38/68/47 39/76/47
f 18/32/48 44/77/48 19/34/48
f 24/42/49 49/78/49 25/44/49
f 70/79/50 95/80/50 71/81/50
f 50/65/25 52/82/25 28/74/25
f 27/62/2 53/83/2 29/75/2
f 43/69/17 68/84/17 44/77/17
f 36/55/10 61/85/10 37/56/10
f 29/75/3 54/86/3 30/60/3
f 44/77/18 69/87/18 45/64/18
f 37/56/11 62/88/11 38/68/11
f 30/60/4 55/89/4 31/71/4
f 45/64/19 70/79/19 46/58/19
f 38/68/12 63/90/12 39/76/12
f 31/71/5 56/91/5 32/46/5
f 46/58/20 71/81/20 47/59/20
f 39/76/13 64/92/13 40/63/13
f 32/46/6 57/93/6 33/66/6
f 47/59/21 72/94/21 48/70/21
f 40/63/14 65/95/14 41/72/14
f 33/66/7 58/96/7 34/61/7
f 48/70/22 73/97/22 49/78/22
f 41/72/15 66/98/15 42/57/15
f 34/61/8 59/99/8 35/53/8
f 49/78/24 74/100/24 50/65/24
f 28/101/1 51/102/1 27/62/1
f 42/57/16 67/103/16 43/69/16
f 83/104/9 108/105/9 84/106/9
f 64/92/51 87/107/51 88/108/51
f 56/91/52 81/109/52 57/93/52
f 71/81/53 96/110/53 72/94/53
f 64/92/54 89/111/54 65/95/54
f 57/93/55 82/112/55 58/96/55
f 73/97/56 96/110/56 97/113/56
f 65/95/57 90/114/57 66/98/57
f 58/96/58 83/104/58 59/99/58
f 74/100/59 97/113/59 98/115/59
f 52/116/60 75/117/60 51/102/60
f 67/103/61 90/114/61 91/118/61
f 59/99/62 84/106/62 60/54/62
f 52/82/63 98/115/63 76/119/63
f 51/102/64 77/120/64 53/83/64
f 68/84/65 91/118/65 92/121/65
f 60/54/66 85/122/66 61/85/66
f 53/83/67 78/123/67 54/86/67
f 68/84/68 93/124/68 69/87/68
f 61/85/69 86/125/69 62/88/69
f 54/86/70 79/126/70 55/89/70
f 70/79/71 93/124/71 94/127/71
f 62/88/72 87/107/72 63/90/72
f 55/89/73 80/128/73 56/91/73
f 118/129/74 143/130/74 119/131/74
f 98/115/25 100/132/25 76/119/25
f 75/117/2 101/133/2 77/120/2
f 91/118/17 116/134/17 92/121/17
f 84/106/10 109/135/10 85/122/10
f 77/120/3 102/136/3 78/123/3
f 92/121/18 117/137/18 93/124/18
f 85/122/11 110/138/11 86/125/11
f 78/123/4 103/139/4 79/126/4
f 93/124/19 118/129/19 94/127/19
f 86/125/12 111/140/12 87/107/12
f 79/126/5 104/141/5 80/128/5
f 94/127/20 119/131/20 95/80/20
f 87/107/13 112/142/13 88/108/13
f 80/128/6 105/143/6 81/109/6
f 95/80/21 120/144/21 96/110/21
f 88/108/14 113/145/14 89/111/14
f 81/109/7 106/146/7 82/112/7
f 96/110/22 121/147/22 97/113/22
f 89/111/15 114/148/15 90/114/15
f 82/112/8 107/149/8 83/104/8
f 97/113/24 122/150/24 98/115/24
f 76/151/1 99/152/1 75/117/1
f 90/114/16 115/153/16 91/118/16
f 131/154/75 156/155/75 132/156/75
f 111/140/76 136/157/76 112/142/76
f 104/141/77 129/158/77 105/143/77
f 119/131/78 144/159/78 120/144/78
f 113/145/79 136/157/79 137/160/79
f 105/143/80 130/161/80 106/146/80
f 121/147/81 144/159/81 145/162/81
f 113/145/82 138/163/82 114/148/82
f 106/146/83 131/154/83 107/149/83
f 121/147/84 146/164/84 122/150/84
f 99/152/85 124/165/85 123/166/85
f 114/148/86 139/167/86 115/153/86
f 107/149/87 132/156/87 108/105/87
f 122/150/88 124/168/88 100/132/88
f 99/152/89 125/169/89 101/133/89
f 115/153/90 140/170/90 116/134/90
f 109/135/91 132/156/91 133/171/91
f 101/133/92 126/172/92 102/136/92
f 116/134/93 141/173/93 117/137/93
f 110/138/94 133/171/94 134/174/94
f 103/139/95 126/172/95 127/175/95
f 117/137/96 142/176/96 118/129/96
f 110/138/97 135/177/97 111/140/97
f 103/139/98 128/178/98 104/141/98
f 159/179/99 184/180/99 160/181/99
f 146/164/100 148/182/100 124/168/100
f 123/166/101 149/183/101 125/169/101
f 139/167/102 164/184/102 140/170/102
f 132/156/103 157/185/103 133/171/103
f 126/172/104 149/183/104 150/186/104
f 140/170/105 165/187/105 141/173/105
f 134/174/106 157/185/106 158/188/106
f 126/172/107 151/189/107 127/175/107
f 141/173/108 166/190/108 142/176/108
f 134/174/109 159/179/109 135/177/109
f 127/175/110 152/191/110 128/178/110
f 142/176/111 167/192/111 143/130/111
f 135/177/112 160/181/112 136/157/112
f 128/178/113 153/193/113 129/158/113
f 144/159/114 167/192/114 168/194/114
f 136/157/115 161/195/115 137/160/115
f 129/158/116 154/196/116 130/161/116
f 145/162/117 168/194/117 169/197/117
f 137/160/118 162/198/118 138/163/118
f 130/161/119 155/199/119 131/154/119
f 146/164/120 169/197/120 170/200/120
f 124/165/121 147/201/121 123/166/121
f 138/163/122 163/202/122 139/167/122
f 194/203/25 196/204/25 172/205/25
f 152/191/123 177/206/123 153/193/123
f 168/194/124 191/207/124 192/208/124
f 161/195/125 184/180/125 185/209/125
f 154/196/126 177/206/126 178/210/126
f 169/197/127 192/208/127 193/211/127
f 162/198/128 185/209/128 186/212/128
f 155/199/129 178/210/129 179/213/129
f 169/197/130 194/203/130 170/200/130
f 147/201/131 172/214/131 171/215/131
f 163/202/132 186/212/132 187/216/132
f 156/155/133 179/213/133 180/217/133
f 170/200/134 172/205/134 148/182/134
f 147/201/135 173/218/135 149/183/135
f 163/202/136 188/219/136 164/184/136
f 156/155/137 181/220/137 157/185/137
f 149/183/138 174/221/138 150/186/138
f 164/184/139 189/222/139 165/187/139
f 157/185/140 182/223/140 158/188/140
f 150/186/141 175/224/141 151/189/141
f 165/187/142 190/225/142 166/190/142
f 159/179/143 182/223/143 183/226/143
f 151/189/144 176/227/144 152/191/144
f 167/192/145 190/225/145 191/207/145
f 207/228/146 232/229/146 208/230/146
f 171/215/2 197/231/2 173/218/2
f 187/216/17 212/232/17 188/219/17
f 180/217/10 205/233/10 181/220/10
f 173/218/3 198/234/3 174/221/3
f 188/219/18 213/235/18 189/222/18
f 181/220/11 206/236/11 182/223/11
f 174/221/4 199/237/4 175/224/4
f 189/222/19 214/238/19 190/225/19
f 182/223/12 207/228/12 183/226/12
f 175/224/5 200/239/5 176/227/5
f 190/225/20 215/240/20 191/207/20
f 183/226/13 208/230/13 184/180/13
f 176/227/6 201/241/6 177/206/6
f 191/207/21 216/242/21 192/208/21
f 184/180/14 209/243/14 185/209/14
f 177/206/7 202/244/7 178/210/7
f 192/208/22 217/245/22 193/211/22
f 185/209/15 210/246/15 186/212/15
f 178/210/8 203/247/8 179/213/8
f 193/211/24 218/248/24 194/203/24
f 172/214/1 195/249/1 171/215/1
f 186/212/16 211/250/16 187/216/16
f 179/213/9 204/251/9 180/217/9
f 219/252/2 245/253/2 221/254/2
f 201/241/147 224/255/147 225/256/147
f 215/240/148 240/257/148 216/242/148
f 208/230/149 233/258/149 209/243/149
f 201/241/150 226/259/150 202/244/150
f 216/242/151 241/260/151 217/245/151
f 209/243/152 234/261/152 210/246/152
f 202/244/153 227/262/153 203/247/153
f 217/245/154 242/263/154 218/248/154
f 196/264/155 219/252/155 195/249/155
f 210/246/156 235/265/156 211/250/156
f 203/247/157 228/266/157 204/251/157
f 218/248/158 220/267/158 196/204/158
f 195/249/159 221/254/159 197/231/159
f 212/232/160 235/265/160 236/268/160
f 204/251/161 229/269/161 205/233/161
f 197/231/162 222/270/162 198/234/162
f 213/235/163 236/268/163 237/271/163
f 205/233/164 230/272/164 206/236/164
f 199/237/165 222/270/165 223/273/165
f 213/235/166 238/274/166 214/238/166
f 206/236/167 231/275/167 207/228/167
f 200/239/168 223/273/168 224/255/168
f 214/238/169 239/276/169 215/240/169
f 248/277/170 273/278/170 249/279/170
f 235/265/17 260/280/17 236/268/17
f 228/266/10 253/281/10 229/269/10
f 221/254/3 246/282/3 222/270/3
f 236/268/18 261/283/18 237/271/18
f 229/269/11 254/284/11 230/272/11
f 222/270/4 247/285/4 223/273/4
f 237/271/19 262/286/19 238/274/19
f 230/272/12 255/287/12 231/275/12
f 223/273/5 248/277/5 224/255/5
f 238/274/20 263/288/20 239/276/20
f 231/275/13 256/289/13 232/229/13
f 224/255/6 249/279/6 225/256/6
f 239/276/21 264/290/21 240/257/21
f 232/229/14 257/291/14 233/258/14
f 225/256/7 250/292/7 226/259/7
f 240/257/22 265/293/22 241/260/22
f 233/258/15 258/294/15 234/261/15
f 226/259/8 251/295/8 227/262/8
f 241/260/24 266/296/24 242/263/24
f 220/297/1 243/298/1 219/252/1
f 234/261/16 259/299/16 235/265/16
f 227/262/9 252/300/9 228/266/9
f 242/263/25 244/301/25 220/267/25
f 283/302/17 308/303/17 284/304/17
f 263/288/171 288/305/171 264/290/171
f 256/289/172 281/306/172 257/291/172
f 250/292/173 273/278/173 274/307/173
f 265/293/174 288/305/174 289/308/174
f 258/294/175 281/306/175 282/309/175
f 250/292/176 275/310/176 251/295/176
f 266/296/177 289/308/177 290/311/177
f 244/312/178 267/313/178 243/298/178
f 259/299/179 282/309/179 283/302/179
f 252/300/180 275/310/180 276/314/180
f 266/296/181 268/315/181 244/301/181
f 245/253/182 267/313/182 269/316/182
f 259/299/183 284/304/183 260/280/183
f 253/281/184 276/314/184 277/317/184
f 245/253/185 270/318/185 246/282/185
f 260/280/186 285/319/186 261/283/186
f 253/281/187 278/320/187 254/284/187
f 246/282/188 271/321/188 247/285/188
f 262/286/189 285/319/189 286/322/189
f 254/284/190 279/323/190 255/287/190
f 247/285/191 272/324/191 248/277/191
f 262/286/192 287/325/192 263/288/192
f 256/289/193 279/323/193 280/326/193
f 296/327/194 321/328/194 297/329/194
f 276/314/10 301/330/10 277/317/10
f 269/316/3 294/331/3 270/318/3
f 284/304/18 309/332/18 285/319/18
f 277/317/11 302/333/11 278/320/11
f 270/318/4 295/334/4 271/321/4
f 285/319/19 310/335/19 286/322/19
f 278/320/12 303/336/12 279/323/12
f 271/321/5 296/327/5 272/324/5
f 286/322/20 311/337/20 287/325/20
f 279/323/13 304/338/13 280/326/13
f 272/324/6 297/329/6 273/278/6
f 287/325/21 312/339/21 288/305/21
f 280/326/14 305/340/14 281/306/14
f 273/278/7 298/341/7 274/307/7
f 288/305/22 313/342/22 289/308/22
f 281/306/15 306/343/15 282/309/15
f 274/307/8 299/344/8 275/310/8
f 289/308/24 314/345/24 290/311/24
f 268/346/1 291/347/1 267/313/1
f 282/309/16 307/348/16 283/302/16
f 275/310/9 300/349/9 276/314/9
f 290/311/25 292/350/25 268/315/25
f 267/313/2 293/351/2 269/316/2
f 324/352/10 349/353/10 325/354/10
f 311/337/195 336/355/195 312/339/195
f 304/338/196 329/356/196 305/340/196
f 297/329/197 322/357/197 298/341/197
f 313/342/198 336/355/198 337/358/198
f 305/340/199 330/359/199 306/343/199
f 298/341/200 323/360/200 299/344/200
f 313/342/201 338/361/201 314/345/201
f 291/347/202 316/362/202 315/363/202
f 306/343/203 331/364/203 307/348/203
f 299/344/204 324/352/204 300/349/204
f 314/345/205 316/365/205 292/350/205
f 291/347/206 317/366/206 293/351/206
f 307/348/207 332/367/207 308/303/207
f 300/349/208 325/354/208 301/330/208
f 294/331/209 317/366/209 318/368/209
f 309/332/210 332/367/210 333/369/210
f 301/330/211 326/370/211 302/333/211
f 294/331/212 319/371/212 295/334/212
f 309/332/213 334/372/213 310/335/213
f 302/333/214 327/373/214 303/336/214
f 296/327/215 319/371/215 320/374/215
f 310/335/216 335/375/216 311/337/216
f 303/336/217 328/376/217 304/338/217
f 317/366/3 342/377/3 318/368/3
f 332/367/18 357/378/18 333/369/18
f 325/354/11 350/379/11 326/370/11
f 318/368/4 343/380/4 319/371/4
f 333/369/19 358/381/19 334/372/19
f 326/370/12 351/382/12 327/373/12
f 319/371/5 344/383/5 320/374/5
f 334/372/20 359/384/20 335/375/20
f 327/373/13 352/385/13 328/376/13
f 320/374/6 345/386/6 321/328/6
f 335/375/21 360/387/21 336/355/21
f 328/376/14 353/388/14 329/356/14
f 321/328/7 346/389/7 322/357/7
f 336/355/22 361/390/22 337/358/22
f 329/356/15 354/391/15 330/359/15
f 322/357/8 347/392/8 323/360/8
f 337/358/24 362/393/24 338/361/24
f 316/362/1 339/394/1 315/363/1
f 330/359/16 355/395/16 331/364/16
f 323/360/9 348/396/9 324/352/9
f 338/361/25 340/397/25 316/365/25
f 315/363/2 341/398/2 317/366/2
f 331/364/17 356/399/17 332/367/17
f 340/400/218 363/401/218 339/402/218
f 376/403/14 401/404/14 377/405/14
f 386/406/219 340/407/219 362/393/219
f 385/408/220 362/409/220 361/390/220
f 384/410/221 361/411/221 360/387/221
f 359/384/222 384/412/222 360/413/222
f 382/414/223 359/415/223 358/381/223
f 381/416/224 358/417/224 357/378/224
f 356/399/225 381/418/225 357/419/225
f 355/395/226 380/420/226 356/421/226
f 378/422/227 355/423/227 354/391/227
f 353/388/228 378/424/228 354/425/228
f 376/426/229 353/427/229 352/385/229
f 375/428/230 352/429/230 351/382/230
f 374/430/231 351/431/231 350/379/231
f 349/353/232 374/432/232 350/433/232
f 372/434/233 349/435/233 348/396/233
f 347/392/234 372/436/234 348/437/234
f 370/438/235 347/439/235 346/389/235
f 345/386/236 370/440/236 346/441/236
f 368/442/237 345/443/237 344/383/237
f 343/380/238 368/444/238 344/445/238
f 366/446/239 343/447/239 342/377/239
f 341/398/240 366/448/240 342/449/240
f 339/394/241 365/450/241 341/451/241
f 390/452/242 413/453/242 414/454/242
f 369/455/7 394/456/7 370/440/7
f 384/412/22 409/457/22 385/458/22
f 377/405/15 402/459/15 378/424/15
f 370/440/8 395/460/8 371/461/8
f 385/458/24 410/462/24 386/463/24
f 364/464/1 387/465/1 363/401/1
f 378/424/16 403/466/16 379/467/16
f 371/461/9 396/468/9 372/436/9
f 386/463/25 388/469/25 364/470/25
f 363/401/2 389/471/2 365/450/2
f 379/467/17 404/472/17 380/420/17
f 372/436/10 397/473/10 373/474/10
f 365/450/3 390/452/3 366/448/3
f 380/420/18 405/475/18 381/418/18
f 373/474/11 398/476/11 374/432/11
f 366/448/4 391/477/4 367/478/4
f 381/418/19 406/479/19 382/480/19
f 374/432/12 399/481/12 375/482/12
f 367/478/5 392/483/5 368/444/5
f 382/480/20 407/484/20 383/485/20
f 375/482/13 400/486/13 376/403/13
f 368/444/6 393/487/6 369/455/6
f 383/485/21 408/488/21 384/412/21
f 405/475/243 428/489/243 429/490/243
f 398/476/244 421/491/244 422/492/244
f 390/452/245 415/493/245 391/477/245
f 405/475/246 430/494/246 406/479/246
f 399/481/247 422/492/247 423/495/247
f 392/483/248 415/493/248 416/496/248
f 406/479/249 431/497/249 407/484/249
f 399/481/250 424/498/250 400/486/250
f 393/487/251 416/496/251 417/499/251
f 407/484/252 432/500/252 408/488/252
f 400/486/253 425/501/253 401/404/253
f 393/487/254 418/502/254 394/456/254
f 408/488/255 433/503/255 409/457/255
f 402/459/256 425/501/256 426/504/256
f 394/456/257 419/505/257 395/460/257
f 409/457/258 434/506/258 410/462/258
f 388/507/259 411/508/259 387/465/259
f 402/459/260 427/509/260 403/466/260
f 396/468/261 419/505/261 420/510/261
f 410/462/262 412/511/262 388/469/262
f 387/465/263 413/453/263 389/471/263
f 404/472/264 427/509/264 428/489/264
f 396/468/265 421/491/265 397/473/265
f 456/512/266 438/513/266 455/514/266
f 448/515/267 891/516/267 897/517/267
f 465/518/268 883/519/268 463/520/268
f 442/521/269 441/522/269 464/523/269
f 456/512/270 887/524/270 888/525/270
f 450/526/271 891/516/271 449/527/271
f 464/528/272 882/529/272 465/518/272
f 443/530/273 896/531/273 442/521/273
f 458/532/274 887/524/274 457/533/274
f 451/534/275 435/535/275 450/526/275
f 444/536/276 895/537/276 443/530/276
f 459/538/277 886/539/277 458/532/277
f 452/540/278 436/541/278 451/534/278
f 445/542/279 898/543/279 444/536/279
f 459/538/280 439/544/280 885/545/280
f 453/546/281 890/547/281 452/540/281
f 446/548/282 894/549/282 445/542/282
f 461/550/283 439/544/283 460/551/283
f 453/546/284 437/552/284 889/553/284
f 446/548/285 892/554/285 893/555/285
f 462/556/286 884/557/286 461/550/286
f 455/514/287 437/552/287 454/558/287
f 447/559/288 897/517/288 892/554/288
f 469/560/16 444/536/16 468/561/16
f 484/562/7 459/538/7 483/563/7
f 477/564/25 452/540/25 476/565/25
f 470/566/17 445/542/17 469/560/17
f 485/567/8 460/551/8 484/562/8
f 478/568/1 453/546/1 477/564/1
f 471/569/18 446/548/18 470/566/18
f 486/570/9 461/550/9 485/567/9
f 479/571/2 454/558/2 478/568/2
f 472/572/19 447/559/19 471/569/19
f 487/573/289 462/556/289 486/570/289
f 480/574/290 455/514/290 479/571/290
f 473/575/20 448/515/20 472/572/20
f 489/576/11 463/520/11 487/573/11
f 466/577/13 464/523/13 488/578/13
f 481/579/4 456/512/4 480/574/4
f 474/580/21 449/527/21 473/575/21
f 488/581/12 465/518/12 489/576/12
f 467/582/14 442/521/14 466/577/14
f 482/583/5 457/533/5 481/579/5
f 475/584/291 450/526/291 474/580/291
f 468/561/15 443/530/15 467/582/15
f 482/583/6 459/538/6 458/532/6
f 462/556/292 883/519/292 440/585/292
f 489/586/293 511/587/293 513/588/293
f 511/589/294 486/570/294 510/590/294
f 486/591/295 509/592/295 510/593/295
f 509/594/296 484/562/296 508/595/296
f 508/596/297 483/563/297 507/597/297
f 483/598/298 506/599/298 507/600/298
f 482/601/299 505/602/299 506/603/299
f 481/604/300 504/605/300 505/606/300
f 480/607/301 503/608/301 504/609/301
f 479/610/302 502/611/302 503/612/302
f 478/613/303 501/614/303 502/615/303
f 501/616/304 476/565/304 500/617/304
f 500/618/305 475/584/305 499/619/305
f 499/620/306 474/580/306 498/621/306
f 474/622/307 497/623/307 498/624/307
f 473/625/308 496/626/308 497/627/308
f 496/628/309 471/569/309 495/629/309
f 471/630/310 494/631/310 495/632/310
f 470/633/311 493/634/311 494/635/311
f 493/636/312 468/561/312 492/637/312
f 492/638/313 467/582/313 491/639/313
f 467/640/314 490/641/314 491/642/314
f 466/643/315 512/644/315 490/645/315
f 476/565/24 451/534/24 475/584/24
f 512/646/316 489/576/316 513/647/316
f 521/648/20 496/628/20 520/649/20
f 537/650/11 511/589/11 535/651/11
f 514/652/13 512/653/13 536/654/13
f 529/655/4 504/609/4 528/656/4
f 522/657/21 497/627/21 521/648/21
f 536/658/12 513/588/12 537/650/12
f 515/659/14 490/645/14 514/652/14
f 529/655/5 506/603/5 505/606/5
f 523/660/22 498/624/22 522/657/22
f 516/661/15 491/642/15 515/659/15
f 530/662/6 507/600/6 506/603/6
f 524/663/24 499/620/24 523/660/24
f 517/664/16 492/638/16 516/661/16
f 532/665/7 507/600/7 531/666/7
f 525/667/25 500/618/25 524/663/25
f 518/668/17 493/636/17 517/664/17
f 533/669/8 508/596/8 532/665/8
f 526/670/1 501/616/1 525/667/1
f 519/671/18 494/635/18 518/668/18
f 534/672/9 509/594/9 533/669/9
f 527/673/2 502/615/2 526/670/2
f 520/649/19 495/632/19 519/671/19
f 535/651/10 510/593/10 534/672/10
f 549/674/317 524/663/317 548/675/317
f 542/676/318 517/664/318 541/677/318
f 556/678/319 533/669/319 532/665/319
f 550/679/320 525/667/320 549/674/320
f 542/676/321 519/671/321 518/668/321
f 557/680/322 534/672/322 533/669/322
f 551/681/323 526/670/323 550/679/323
f 543/682/324 520/649/324 519/671/324
f 558/683/325 535/651/325 534/672/325
f 552/684/326 527/673/326 551/681/326
f 545/685/327 520/649/327 544/686/327
f 561/687/328 535/651/328 559/688/328
f 538/689/329 536/654/329 560/690/329
f 553/691/330 528/656/330 552/684/330
f 546/692/331 521/648/331 545/685/331
f 561/687/332 536/658/332 537/650/332
f 539/693/333 514/652/333 538/689/333
f 554/694/334 529/655/334 553/691/334
f 547/695/335 522/657/335 546/692/335
f 540/696/336 515/659/336 539/693/336
f 555/697/337 530/662/337 554/694/337
f 548/675/338 523/660/338 547/695/338
f 541/677/339 516/661/339 540/696/339
f 528/656/3 503/612/3 527/673/3
f 585/698/11 559/688/11 583/699/11
f 562/700/13 560/690/13 584/701/13
f 576/702/340 553/691/340 552/684/340
f 570/703/21 545/685/21 569/704/21
f 584/705/12 561/687/12 585/698/12
f 563/706/14 538/689/14 562/700/14
f 577/707/5 554/694/5 553/691/5
f 571/708/291 546/692/291 570/703/291
f 564/709/341 539/693/341 563/706/341
f 579/710/6 554/694/6 578/711/6
f 572/712/24 547/695/24 571/708/24
f 565/713/342 540/696/342 564/709/342
f 580/714/7 555/697/7 579/710/7
f 573/715/25 548/675/25 572/712/25
f 566/716/17 541/677/17 565/713/17
f 581/717/8 556/678/8 580/714/8
f 574/718/1 549/674/1 573/715/1
f 567/719/18 542/676/18 566/716/18
f 581/717/343 558/683/343 557/680/343
f 575/720/2 550/679/2 574/718/2
f 568/721/19 543/682/19 567/719/19
f 582/722/10 559/688/10 558/683/10
f 575/720/3 552/684/3 551/681/3
f 556/678/344 531/666/344 555/697/344
f 596/723/345 573/715/345 572/712/345
f 590/724/346 565/713/346 589/725/346
f 605/726/347 580/714/347 604/727/347
f 598/728/348 573/715/348 597/729/348
f 591/730/349 566/716/349 590/724/349
f 606/731/350 581/717/350 605/726/350
f 599/732/351 574/718/351 598/728/351
f 591/730/352 568/721/352 567/719/352
f 607/733/353 582/722/353 606/731/353
f 599/732/354 576/702/354 575/720/354
f 593/734/355 568/721/355 592/735/355
f 607/733/356 585/698/356 583/699/356
f 586/736/357 584/701/357 608/737/357
f 600/738/358 577/707/358 576/702/358
f 594/739/359 569/704/359 593/734/359
f 609/740/360 584/705/360 585/698/360
f 586/736/361 563/706/361 562/700/361
f 602/741/362 577/707/362 601/742/362
f 594/739/363 571/708/363 570/703/363
f 587/743/364 564/709/364 563/706/364
f 602/741/365 579/710/365 578/711/365
f 596/723/366 571/708/366 595/744/366
f 589/725/367 564/709/367 588/745/367
f 569/704/20 544/686/20 568/721/20
f 610/746/13 608/737/13 632/747/13
f 625/748/368 600/738/368 624/749/368
f 618/750/369 593/734/369 617/751/369
f 632/752/12 609/740/12 633/753/12
f 611/754/14 586/736/14 610/746/14
f 626/755/5 601/742/5 625/748/5
f 619/756/291 594/739/291 618/750/291
f 612/757/341 587/743/341 611/754/341
f 627/758/6 602/741/6 626/755/6
f 620/759/24 595/744/24 619/756/24
f 613/760/342 588/745/342 612/757/342
f 628/761/7 603/762/7 627/758/7
f 621/763/25 596/723/25 620/759/25
f 614/764/17 589/725/17 613/760/17
f 629/765/8 604/727/8 628/761/8
f 622/766/1 597/729/1 621/763/1
f 615/767/18 590/724/18 614/764/18
f 630/768/370 605/726/370 629/765/370
f 623/769/2 598/728/2 622/766/2
f 616/770/19 591/730/19 615/767/19
f 631/771/10 606/731/10 630/768/10
f 624/749/3 599/732/3 623/769/3
f 617/751/20 592/735/20 616/770/20
f 604/727/371 579/710/371 603/762/371
f 638/772/372 613/760/372 637/773/372
f 652/774/373 629/765/373 628/761/373
f 646/775/374 621/763/374 645/776/374
f 639/777/375 614/764/375 638/772/375
f 653/778/376 630/768/376 629/765/376
f 646/775/377 623/769/377 622/766/377
f 640/779/378 615/767/378 639/777/378
f 655/780/379 630/768/379 654/781/379
f 647/782/380 624/749/380 623/769/380
f 640/779/381 617/751/381 616/770/381
f 657/783/382 631/771/382 655/780/382
f 634/784/383 632/747/383 656/785/383
f 649/786/384 624/749/384 648/787/384
f 642/788/385 617/751/385 641/789/385
f 656/790/386 633/753/386 657/783/386
f 635/791/387 610/746/387 634/784/387
f 650/792/388 625/748/388 649/786/388
f 643/793/389 618/750/389 642/788/389
f 636/794/390 611/754/390 635/791/390
f 651/795/391 626/755/391 650/792/391
f 644/796/392 619/756/392 643/793/392
f 637/773/393 612/757/393 636/794/393
f 651/795/394 628/761/394 627/758/394
f 633/753/11 607/733/11 631/771/11
f 673/797/4 648/787/4 672/798/4
f 666/799/21 641/789/21 665/800/21
f 680/801/12 657/783/12 681/802/12
f 659/803/14 634/784/14 658/804/14
f 674/805/5 649/786/5 673/797/5
f 667/806/22 642/788/22 666/799/22
f 660/807/15 635/791/15 659/803/15
f 675/808/6 650/792/6 674/805/6
f 668/809/24 643/793/24 667/806/24
f 661/810/16 636/794/16 660/807/16
f 676/811/7 651/795/7 675/808/7
f 669/812/25 644/796/25 668/809/25
f 662/813/17 637/773/17 661/810/17
f 677/814/8 652/774/8 676/811/8
f 670/815/1 645/776/1 669/812/1
f 663/816/18 638/772/18 662/813/18
f 678/817/9 653/778/9 677/814/9
f 671/818/2 646/775/2 670/815/2
f 664/819/19 639/777/19 663/816/19
f 679/820/10 654/781/10 678/817/10
f 672/798/3 647/782/3 671/818/3
f 665/800/20 640/779/20 664/819/20
f 681/802/11 655/780/11 679/820/11
f 645/776/395 620/759/395 644/796/395
f 685/821/396 662/813/396 661/810/396
f 701/822/397 676/811/397 700/823/397
f 694/824/398 669/812/398 693/825/398
f 687/826/399 662/813/399 686/827/399
f 702/828/400 677/814/400 701/822/400
f 694/824/401 671/818/401 670/815/401
f 688/829/402 663/816/402 687/826/402
f 703/830/403 678/817/403 702/828/403
f 696/831/404 671/818/404 695/832/404
f 689/833/405 664/819/405 688/829/405
f 703/830/406 681/802/406 679/820/406
f 682/834/407 680/835/407 704/836/407
f 696/831/408 673/797/408 672/798/408
f 689/833/409 666/799/409 665/800/409
f 704/837/410 681/802/410 705/838/410
f 683/839/411 658/804/411 682/834/411
f 697/840/412 674/805/412 673/797/412
f 690/841/413 667/806/413 666/799/413
f 683/839/414 660/807/414 659/803/414
f 699/842/415 674/805/415 698/843/415
f 692/844/416 667/806/416 691/845/416
f 684/846/417 661/810/417 660/807/417
f 700/823/418 675/808/418 699/842/418
f 658/804/13 656/785/13 680/835/13
f 714/847/419 689/833/419 713/848/419
f 728/849/420 705/838/420 729/850/420
f 707/851/421 682/834/421 706/852/421
f 722/853/422 697/840/422 721/854/422
f 715/855/423 690/841/423 714/847/423
f 708/856/424 683/839/424 707/851/424
f 723/857/425 698/843/425 722/853/425
f 716/858/426 691/845/426 715/855/426
f 709/859/427 684/846/427 708/856/427
f 724/860/428 699/842/428 723/857/428
f 717/861/429 692/844/429 716/858/429
f 710/862/430 685/821/430 709/859/430
f 724/860/431 701/822/431 700/823/431
f 718/863/432 693/825/432 717/861/432
f 711/864/433 686/827/433 710/862/433
f 726/865/434 701/822/434 725/866/434
f 719/867/435 694/824/435 718/863/435
f 712/868/436 687/826/436 711/864/436
f 727/869/437 702/828/437 726/865/437
f 720/870/438 695/832/438 719/867/438
f 713/848/439 688/829/439 712/868/439
f 727/869/440 705/838/440 703/830/440
f 706/852/441 704/836/441 728/871/441
f 692/844/442 669/812/442 668/809/442
f 748/872/443 725/866/443 724/860/443
f 742/873/444 717/861/444 741/874/444
f 735/875/445 710/862/445 734/876/445
f 749/877/446 726/865/446 725/866/446
f 742/873/447 719/867/447 718/863/447
f 736/878/448 711/864/448 735/875/448
f 751/879/449 726/865/449 750/880/449
f 744/881/450 719/867/450 743/882/450
f 737/883/451 712/868/451 736/878/451
f 753/884/452 727/869/452 751/879/452
f 730/885/453 728/871/453 752/886/453
f 744/881/454 721/854/454 720/870/454
f 738/887/455 713/848/455 737/883/455
f 753/884/456 728/849/456 729/850/456
f 731/888/457 706/852/457 730/885/457
f 745/889/458 722/853/458 721/854/458
f 739/890/459 714/847/459 738/887/459
f 732/891/460 707/851/460 731/888/460
f 746/892/461 723/857/461 722/853/461
f 739/890/462 716/858/462 715/855/462
f 733/893/463 708/856/463 732/891/463
f 748/872/464 723/857/464 747/894/464
f 741/874/465 716/858/465 740/895/465
f 721/854/466 696/831/466 720/870/466
f 762/896/21 737/883/21 761/897/21
f 776/898/12 753/884/12 777/899/12
f 755/900/14 730/885/14 754/901/14
f 770/902/5 745/889/5 769/903/5
f 763/904/22 738/887/22 762/896/22
f 756/905/15 731/888/15 755/900/15
f 771/906/6 746/892/6 770/902/6
f 764/907/24 739/890/24 763/904/24
f 757/908/467 732/891/467 756/905/467
f 772/909/7 747/894/7 771/906/7
f 765/910/25 740/895/25 764/907/25
f 758/911/17 733/893/17 757/908/17
f 773/912/8 748/872/8 772/909/8
f 766/913/1 741/874/1 765/910/1
f 759/914/18 734/876/18 758/911/18
f 774/915/343 749/877/343 773/912/343
f 767/916/2 742/873/2 766/913/2
f 760/917/19 735/875/19 759/914/19
f 775/918/10 750/880/10 774/915/10
f 768/919/3 743/882/3 767/916/3
f 761/897/20 736/878/20 760/917/20
f 777/899/11 751/879/11 775/918/11
f 754/901/13 752/886/13 776/920/13
f 734/876/468 709/859/468 733/893/468
f 797/921/469 772/909/469 796/922/469
f 789/923/470 766/913/470 765/910/470
f 782/924/471 759/914/471 758/911/471
f 798/925/472 773/912/472 797/921/472
f 790/926/473 767/916/473 766/913/473
f 783/927/474 760/917/474 759/914/474
f 799/928/475 774/915/475 798/925/475
f 792/929/476 767/916/476 791/930/476
f 784/931/477 761/897/477 760/917/477
f 801/932/478 775/918/478 799/928/478
f 778/933/479 776/920/479 800/934/479
f 793/935/480 768/919/480 792/929/480
f 785/936/481 762/896/481 761/897/481
f 800/937/482 777/899/482 801/932/482
f 779/938/483 754/901/483 778/933/483
f 794/939/484 769/903/484 793/935/484
f 787/940/485 762/896/485 786/941/485
f 779/938/486 756/905/486 755/900/486
f 795/942/487 770/902/487 794/939/487
f 788/943/488 763/904/488 787/940/488
f 781/944/489 756/905/489 780/945/489
f 795/942/490 772/909/490 771/906/490
f 788/943/491 765/910/491 764/907/491
f 769/903/340 744/881/340 768/919/340
f 810/946/369 785/936/369 809/947/369
f 824/948/12 801/932/12 825/949/12
f 803/950/14 778/933/14 802/951/14
f 818/952/5 793/935/5 817/953/5
f 811/954/22 786/941/22 810/946/22
f 804/955/15 779/938/15 803/950/15
f 819/956/6 794/939/6 818/952/6
f 812/957/24 787/940/24 811/954/24
f 805/958/467 780/945/467 804/955/467
f 820/959/7 795/942/7 819/956/7
f 813/960/25 788/943/25 812/957/25
f 806/961/17 781/944/17 805/958/17
f 821/962/8 796/922/8 820/959/8
f 814/963/1 789/923/1 813/960/1
f 807/964/18 782/924/18 806/961/18
f 822/965/343 797/921/343 821/962/343
f 815/966/2 790/926/2 814/963/2
f 808/967/19 783/927/19 807/964/19
f 823/968/10 798/925/10 822/965/10
f 816/969/3 791/930/3 815/966/3
f 809/947/20 784/931/20 808/967/20
f 825/949/11 799/928/11 823/968/11
f 802/951/13 800/934/13 824/970/13
f 782/924/492 757/908/492 781/944/492
f 828/971/493 804/955/493 803/950/493
f 840/972/494 808/967/494 838/973/494
f 848/974/495 814/963/495 813/960/495
f 860/975/496 818/952/496 858/976/496
f 868/977/497 825/949/497 823/968/497
f 826/978/498 824/970/498 872/979/498
f 836/980/499 806/961/499 834/981/499
f 846/982/500 811/954/500 844/983/500
f 854/984/501 817/953/501 816/969/501
f 864/985/502 822/965/502 821/962/502
f 830/986/503 805/958/503 804/955/503
f 842/987/504 809/947/504 840/972/504
f 852/988/505 814/963/505 850/989/505
f 862/990/506 819/956/506 860/975/506
f 828/971/507 802/951/507 826/978/507
f 838/973/508 807/964/508 836/980/508
f 848/974/509 812/957/509 846/982/509
f 872/991/510 825/949/510 870/992/510
f 856/993/511 818/952/511 817/953/511
f 866/994/512 823/968/512 822/965/512
f 832/995/513 806/961/513 805/958/513
f 844/983/514 810/946/514 842/987/514
f 852/988/515 816/969/515 815/966/515
f 817/953/340 792/929/340 816/969/340
f 867/996/516 859/997/516 843/998/516
f 826/978/13 873/999/13 827/1000/13
f 828/971/14 827/1000/14 829/1001/14
f 862/990/517 821/962/517 820/959/517
f 830/986/15 829/1001/15 831/1002/15
f 832/995/16 831/1002/16 833/1003/16
f 834/981/17 833/1003/17 835/1004/17
f 836/980/18 835/1004/18 837/1005/18
f 838/973/19 837/1005/19 839/1006/19
f 840/972/20 839/1006/20 841/1007/20
f 842/987/369 841/1007/369 843/1008/369
f 844/983/22 843/1008/22 845/1009/22
f 846/982/24 845/1009/24 847/1010/24
f 848/974/25 847/1010/25 849/1011/25
f 850/989/1 849/1011/1 851/1012/1
f 852/988/2 851/1012/2 853/1013/2
f 854/984/3 853/1013/3 855/1014/3
f 856/993/340 855/1014/340 857/1015/340
f 858/976/5 857/1015/5 859/1016/5
f 860/975/6 859/1016/6 861/1017/6
f 862/990/7 861/1017/7 863/1018/7
f 864/985/8 863/1018/8 865/1019/8
f 866/994/343 865/1019/343 867/1020/343
f 868/977/10 867/1020/10 869/1021/10
f 870/992/11 869/1021/11 871/1022/11
f 872/991/12 871/1022/12 873/1023/12
f 1140/1024/518 1142/1025/518 1139/1026/518
f 1144/1027/519 1146/1028/519 1143/1029/519
f 1152/1030/520 1154/1031/520 1151/1032/520
f 1156/1033/521 1158/1034/521 1155/1035/521
f 1160/1036/516 1162/1037/516 1159/1038/516
f 930/1039/2 438/1040/2 931/1041/2
f 438/1042/3 899/1043/3 931/1044/3
f 888/1045/4 901/1046/4 899/1047/4
f 887/1048/5 903/1049/5 901/1050/5
f 886/1051/6 905/1052/6 903/1053/6
f 885/1054/7 933/1055/7 905/1056/7
f 439/1057/8 907/1058/8 933/1059/8
f 884/1060/9 935/1061/9 907/1062/9
f 440/1063/10 909/1064/10 935/1065/10
f 883/1066/11 911/1067/11 909/1068/11
f 882/1069/12 937/1070/12 911/1071/12
f 441/1072/13 913/1073/13 937/1074/13
f 896/1075/14 915/1076/14 913/1077/14
f 895/1078/15 939/1079/15 915/1080/15
f 898/1081/16 917/1082/16 939/1083/16
f 894/1084/17 919/1085/17 917/1086/17
f 893/1087/18 921/1088/18 919/1089/18
f 892/1090/19 941/1091/19 921/1092/19
f 897/1093/20 923/1094/20 941/1095/20
f 891/1096/21 943/1097/21 923/1098/21
f 435/1099/22 945/1100/22 943/1101/22
f 436/1102/24 925/1103/24 945/1104/24
f 890/1105/25 927/1106/25 925/1107/25
f 889/1108/1 930/1109/1 927/1110/1
f 928/1111/1 411/1112/1 412/1113/1
f 927/1110/1 929/1114/1 928/1111/1
f 926/1115/25 412/1116/25 434/1117/25
f 906/1118/518 972/1119/518 905/1056/518
f 946/1120/24 434/1121/24 433/1122/24
f 945/1104/24 926/1123/24 946/1120/24
f 944/1124/22 433/1125/22 432/1126/22
f 942/1127/516 1047/1128/516 924/1129/516
f 924/1130/21 432/1131/21 431/1132/21
f 923/1098/21 944/1133/21 924/1130/21
f 942/1127/20 431/1134/20 430/1135/20
f 906/1136/516 968/1137/516 975/1138/516
f 922/1139/19 430/1140/19 429/490/19
f 922/1139/19 941/1091/19 942/1141/19
f 920/1142/18 429/1143/18 428/1144/18
f 944/1124/516 1135/1145/516 946/1146/516
f 918/1147/17 428/1148/17 427/1149/17
f 917/1086/17 920/1150/17 918/1147/17
f 940/1151/16 427/1152/16 426/1153/16
f 925/1103/522 1056/1154/522 926/1123/522
f 916/1155/15 426/1156/15 425/1157/15
f 915/1080/15 940/1158/15 916/1155/15
f 914/1159/14 425/1160/14 424/1161/14
f 931/1041/26 1071/1162/26 930/1039/26
f 938/1163/13 424/1164/13 423/1165/13
f 937/1074/13 914/1166/13 938/1163/13
f 912/1167/12 423/1168/12 422/1169/12
f 914/1159/516 1015/1170/516 916/1171/516
f 910/1172/11 422/1173/11 421/1174/11
f 909/1068/11 912/1175/11 910/1172/11
f 936/1176/10 421/1177/10 420/1178/10
f 918/1147/523 1020/1179/523 917/1086/523
f 908/1180/9 420/1181/9 419/1182/9
f 907/1062/9 936/1183/9 908/1180/9
f 934/1184/8 419/1185/8 418/1186/8
f 964/1187/6 976/1188/6 967/1189/6
f 906/1118/7 418/1190/7 417/499/7
f 905/1056/7 934/1191/7 906/1118/7
f 904/1192/6 417/1193/6 416/1194/6
f 916/1155/524 1012/1195/524 915/1080/524
f 902/1196/5 416/1197/5 415/1198/5
f 901/1050/5 904/1199/5 902/1196/5
f 900/1200/4 415/1201/4 414/1202/4
f 1124/1203/22 1136/1204/22 1127/1205/22
f 932/1206/3 414/1207/3 413/1208/3
f 931/1044/3 900/1209/3 932/1206/3
f 411/1210/2 932/1211/2 413/1212/2
f 934/1184/516 983/1213/516 908/1214/516
f 927/1106/26 1051/1215/26 925/1107/26
f 943/1101/26 1132/1216/26 1123/1217/26
f 941/1095/26 1044/1218/26 1115/1219/26
f 919/1089/26 1036/1220/26 1027/1221/26
f 939/1083/26 1020/1222/26 1107/1223/26
f 915/1076/26 1003/1224/26 913/1077/26
f 937/1070/26 995/1225/26 911/1071/26
f 935/1065/26 988/1226/26 1091/1227/26
f 907/1058/26 1083/1228/26 933/1059/26
f 905/1052/26 963/1229/26 903/1053/26
f 899/1047/26 956/1230/26 947/1231/26
f 929/1232/516 1079/1233/516 932/1211/516
f 1108/1234/16 1024/1235/16 1111/1236/16
f 933/1055/525 1088/1237/525 934/1191/525
f 903/1049/526 968/1238/526 904/1199/526
f 913/1073/527 1008/1239/527 914/1166/527
f 908/1180/528 980/1240/528 907/1062/528
f 1028/1241/18 1040/1242/18 1031/1243/18
f 912/1167/516 1103/1244/516 938/1245/516
f 935/1061/529 1096/1246/529 936/1183/529
f 922/1139/521 1036/1247/521 921/1092/521
f 1084/1248/8 984/1249/8 1087/1250/8
f 922/1251/516 1032/1252/516 1039/1253/516
f 902/1196/530 956/1254/530 901/1050/530
f 924/1130/531 1044/1255/531 923/1098/531
f 928/1111/520 1060/1256/520 927/1110/520
f 938/1163/519 1100/1257/519 937/1074/519
f 900/1200/516 959/1258/516 902/1259/516
f 926/1115/516 1063/1260/516 928/1261/516
f 911/1067/532 1000/1262/532 912/1175/532
f 1092/1263/10 992/1264/10 1095/1265/10
f 1116/1266/20 1048/1267/20 1119/1268/20
f 936/1176/516 991/1269/516 910/1270/516
f 939/1079/533 1112/1271/533 940/1158/533
f 919/1085/534 1032/1272/534 920/1150/534
f 996/1273/12 1104/1274/12 999/1275/12
f 918/1276/516 1112/1277/516 1023/1278/516
f 930/1109/535 1068/1279/535 929/1114/535
f 1052/1280/25 1064/1281/25 1055/1282/25
f 946/1120/536 1132/1283/536 945/1104/536
f 941/1091/537 1120/1284/537 942/1141/537
f 948/1285/4 960/1286/4 951/1287/4
f 932/1206/538 1076/1288/538 931/1044/538
f 943/1097/539 1128/1289/539 944/1133/539
f 910/1172/540 988/1290/540 909/1068/540
f 1004/1291/14 1016/1292/14 1007/1293/14
f 1072/1294/2 1080/1295/2 1067/1296/2
f 951/1287/541 950/1297/541 948/1285/541
f 953/1298/542 949/1299/542 950/1297/542
f 949/1300/543 952/1301/543 947/1302/543
f 956/1254/544 961/1303/544 958/1304/544
f 958/1304/545 962/1305/545 957/1306/545
f 962/1307/546 955/1308/546 957/1309/546
f 967/1189/547 966/1310/547 964/1187/547
f 969/1311/548 965/1312/548 966/1310/548
f 970/1313/549 963/1314/549 965/1315/549
f 975/1316/550 974/1317/550 972/1119/550
f 974/1317/551 978/1318/551 973/1319/551
f 973/1320/552 976/1188/552 971/1321/552
f 983/1322/553 982/1323/553 980/1240/553
f 982/1323/554 986/1324/554 981/1325/554
f 981/1326/555 984/1249/555 979/1327/555
f 991/1328/556 990/1329/556 988/1290/556
f 990/1329/557 994/1330/557 989/1331/557
f 989/1332/558 992/1264/558 987/1333/558
f 999/1275/559 998/1334/559 996/1273/559
f 998/1334/560 1002/1335/560 997/1336/560
f 1002/1337/561 995/1338/561 997/1339/561
f 1004/1291/562 1009/1340/562 1006/1341/562
f 1006/1341/563 1010/1342/563 1005/1343/563
f 1010/1344/564 1003/1345/564 1005/1346/564
f 1015/1347/565 1014/1348/565 1012/1195/565
f 1014/1348/566 1018/1349/566 1013/1350/566
f 1018/1351/567 1011/1352/567 1013/1353/567
f 1023/1354/568 1022/1355/568 1020/1179/568
f 1022/1355/569 1026/1356/569 1021/1357/569
f 1026/1358/570 1019/1359/570 1021/1360/570
f 1028/1241/571 1033/1361/571 1030/1362/571
f 1033/1361/572 1029/1363/572 1030/1362/572
f 1029/1364/573 1032/1272/573 1027/1365/573
f 1039/1366/574 1038/1367/574 1036/1247/574
f 1038/1367/575 1042/1368/575 1037/1369/575
f 1042/1370/576 1035/1371/576 1037/1372/576
f 1047/1373/577 1046/1374/577 1044/1255/577
f 1049/1375/578 1045/1376/578 1046/1374/578
f 1050/1377/579 1043/1378/579 1045/1379/579
f 1052/1280/580 1057/1380/580 1054/1381/580
f 1057/1380/581 1053/1382/581 1054/1381/581
f 1058/1383/582 1051/1384/582 1053/1385/582
f 1060/1256/583 1065/1386/583 1062/1387/583
f 1062/1387/584 1066/1388/584 1061/1389/584
f 1066/1390/585 1059/1391/585 1061/1392/585
f 1068/1279/586 1073/1393/586 1070/1394/586
f 1073/1393/587 1069/1395/587 1070/1394/587
f 1069/1396/588 1072/1294/588 1067/1296/588
f 1079/1397/589 1078/1398/589 1076/1288/589
f 1081/1399/590 1077/1400/590 1078/1398/590
f 1082/1401/591 1075/1402/591 1077/1403/591
f 1087/1250/592 1086/1404/592 1084/1248/592
f 1086/1404/593 1090/1405/593 1085/1406/593
f 1090/1407/594 1083/1408/594 1085/1409/594
f 1095/1265/595 1094/1410/595 1092/1263/595
f 1097/1411/596 1093/1412/596 1094/1410/596
f 1093/1413/597 1096/1246/597 1091/1414/597
f 1103/1415/598 1102/1416/598 1100/1257/598
f 1102/1416/599 1106/1417/599 1101/1418/599
f 1106/1419/600 1099/1420/600 1101/1421/600
f 1111/1236/601 1110/1422/601 1108/1234/601
f 1113/1423/602 1109/1424/602 1110/1422/602
f 1114/1425/603 1107/1426/603 1109/1427/603
f 1116/1266/604 1121/1428/604 1118/1429/604
f 1121/1428/605 1117/1430/605 1118/1429/605
f 1122/1431/606 1115/1432/606 1117/1433/606
f 1124/1203/607 1129/1434/607 1126/1435/607
f 1126/1435/608 1130/1436/608 1125/1437/608
f 1130/1438/609 1123/1439/609 1125/1440/609
f 1135/1441/610 1134/1442/610 1132/1283/610
f 1137/1443/611 1133/1444/611 1134/1442/611
f 1138/1445/612 1131/1446/612 1133/1447/612
f 1064/1281/613 1057/1380/613 1055/1282/613
f 1066/1390/614 1058/1448/614 1057/1380/614
f 1065/1449/615 1056/1450/615 1058/1448/615
f 1060/1451/616 1053/1452/616 1051/1215/616
f 1062/1453/617 1054/1381/617 1053/1452/617
f 1061/1392/618 1052/1280/618 1054/1381/618
f 1127/1205/619 1138/1445/619 1129/1434/619
f 1138/1445/620 1130/1454/620 1129/1434/620
f 1137/1455/621 1128/1456/621 1130/1454/621
f 1132/1216/622 1125/1457/622 1123/1217/622
f 1125/1457/623 1133/1447/623 1126/1435/623
f 1126/1435/624 1131/1446/624 1124/1203/624
f 1048/1267/625 1121/1428/625 1119/1268/625
f 1121/1428/626 1049/1458/626 1122/1459/626
f 1122/1459/627 1047/1128/627 1120/1460/627
f 1044/1218/628 1117/1461/628 1115/1219/628
f 1046/1462/629 1118/1429/629 1117/1461/629
f 1045/1379/630 1116/1266/630 1118/1429/630
f 1031/1243/631 1042/1370/631 1033/1361/631
f 1042/1370/632 1034/1463/632 1033/1361/632
f 1041/1464/633 1032/1252/633 1034/1463/633
f 1036/1220/634 1029/1465/634 1027/1221/634
f 1038/1466/635 1030/1362/635 1029/1465/635
f 1037/1372/636 1028/1241/636 1030/1362/636
f 1024/1235/637 1113/1423/637 1111/1236/637
f 1113/1423/638 1025/1467/638 1114/1468/638
f 1114/1468/639 1023/1278/639 1112/1277/639
f 1020/1222/640 1109/1469/640 1107/1223/640
f 1022/1470/641 1110/1422/641 1109/1469/641
f 1021/1360/642 1108/1234/642 1110/1422/642
f 1016/1292/643 1009/1340/643 1007/1293/643
f 1018/1351/644 1010/1471/644 1009/1340/644
f 1017/1472/645 1008/1473/645 1010/1471/645
f 1012/1474/646 1005/1475/646 1003/1224/646
f 1014/1476/647 1006/1341/647 1005/1475/647
f 1013/1353/648 1004/1291/648 1006/1341/648
f 1104/1274/649 1001/1477/649 999/1275/649
f 1106/1419/650 1002/1478/650 1001/1477/650
f 1105/1479/651 1000/1480/651 1002/1478/651
f 995/1225/652 1102/1481/652 997/1482/652
f 997/1482/653 1101/1421/653 998/1334/653
f 1101/1421/654 996/1273/654 998/1334/654
f 1095/1265/655 994/1483/655 1097/1411/655
f 994/1483/656 1098/1484/656 1097/1411/656
f 993/1485/657 1096/1486/657 1098/1484/657
f 1091/1227/658 990/1487/658 1093/1488/658
f 990/1487/659 1094/1410/659 1093/1488/659
f 1094/1410/660 987/1333/660 1092/1263/660
f 984/1249/661 1089/1489/661 1087/1250/661
f 986/1490/662 1090/1491/662 1089/1489/662
f 985/1492/663 1088/1493/663 1090/1491/663
f 1083/1228/664 982/1494/664 1085/1495/664
f 982/1494/665 1086/1404/665 1085/1495/665
f 1086/1404/666 979/1327/666 1084/1248/666
f 976/1188/667 969/1311/667 967/1189/667
f 978/1496/668 970/1497/668 969/1311/668
f 970/1497/669 975/1138/669 968/1137/669
f 963/1229/670 974/1498/670 965/1499/670
f 974/1498/671 966/1310/671 965/1499/671
f 973/1320/672 964/1187/672 966/1310/672
f 960/1286/673 953/1298/673 951/1287/673
f 953/1298/674 961/1500/674 954/1501/674
f 961/1500/675 952/1502/675 954/1501/675
f 947/1231/676 958/1503/676 949/1504/676
f 949/1504/677 957/1309/677 950/1297/677
f 957/1309/678 948/1285/678 950/1297/678
f 1080/1295/679 1069/1396/679 1067/1296/679
f 1082/1401/680 1070/1505/680 1069/1396/680
f 1081/1506/681 1068/1507/681 1070/1505/681
f 1076/1508/682 1073/1509/682 1071/1162/682
f 1078/1510/683 1074/1511/683 1073/1509/683
f 1077/1403/684 1072/1294/684 1074/1511/684
f 899/1043/685 952/1301/685 900/1209/685
f 877/1512/518 1139/1026/518 876/1513/518
f 881/1514/518 1140/1024/518 877/1512/518
f 880/1515/518 1141/1516/518 881/1514/518
f 876/1513/518 1142/1025/518 880/1515/518
f 881/1517/519 1143/1029/519 880/1518/519
f 879/1519/519 1144/1027/519 881/1517/519
f 878/1520/519 1145/1521/519 879/1519/519
f 880/1518/519 1146/1028/519 878/1520/519
f 880/1515/26 1147/1522/26 876/1523/26
f 878/1524/26 1148/1525/26 880/1515/26
f 874/1526/26 1149/1527/26 878/1524/26
f 876/1523/26 1150/1528/26 874/1526/26
f 875/1529/520 1151/1032/520 874/1530/520
f 877/1531/520 1152/1030/520 875/1529/520
f 876/1523/520 1153/1532/520 877/1531/520
f 874/1530/520 1154/1031/520 876/1523/520
f 879/1533/521 1155/1035/521 878/1534/521
f 875/1529/521 1156/1033/521 879/1533/521
f 874/1530/521 1157/1535/521 875/1529/521
f 878/1534/521 1158/1034/521 874/1530/521
f 877/1536/516 1159/1038/516 881/1537/516
f 875/1538/516 1160/1036/516 877/1536/516
f 879/1539/516 1161/1540/516 875/1538/516
f 881/1537/516 1162/1037/516 879/1539/516
f 829/1541/26 1150/1542/26 831/1543/26
f 865/1544/26 1149/1545/26 867/1546/26
f 853/1547/26 1148/1548/26 855/1549/26
f 841/1550/26 1147/1551/26 843/1552/26
f 1150/1542/26 1147/1551/26 837/1553/26
f 1149/1545/26 1150/1542/26 873/1554/26
f 1148/1548/26 1149/1545/26 861/1555/26
f 1147/1551/26 1148/1548/26 849/1556/26
f 827/1557/26 873/1554/26 1150/1542/26
f 1150/1542/26 837/1553/26 835/1558/26
f 1150/1542/26 835/1558/26 833/1559/26
f 829/1541/26 827/1557/26 1150/1542/26
f 1150/1542/26 833/1559/26 831/1543/26
f 863/1560/26 861/1555/26 1149/1545/26
f 1149/1545/26 873/1554/26 871/1561/26
f 1149/1545/26 871/1561/26 869/1562/26
f 865/1544/26 863/1560/26 1149/1545/26
f 1149/1545/26 869/1562/26 867/1546/26
f 851/1563/26 849/1556/26 1148/1548/26
f 1148/1548/26 861/1555/26 859/1564/26
f 1148/1548/26 859/1564/26 857/1565/26
f 853/1547/26 851/1563/26 1148/1548/26
f 1148/1548/26 857/1565/26 855/1549/26
f 839/1566/26 837/1553/26 1147/1551/26
f 1147/1551/26 849/1556/26 847/1567/26
f 1147/1551/26 847/1567/26 845/1568/26
f 841/1550/26 839/1566/26 1147/1551/26
f 1147/1551/26 845/1568/26 843/1552/26
f 1194/1569/518 1196/1570/518 1193/1571/518
f 1198/1572/520 1200/1573/520 1197/1574/520
f 1206/1575/519 1208/1576/519 1205/1577/519
f 1210/1578/521 1212/1579/521 1209/1580/521
f 1214/1581/26 1216/1582/26 1213/1583/26
f 1188/1584/518 1193/1571/518 1187/1585/518
f 1192/1586/518 1194/1569/518 1188/1584/518
f 1191/1587/518 1195/1588/518 1192/1586/518
f 1187/1585/518 1196/1570/518 1191/1587/518
f 1192/1589/520 1197/1574/520 1191/1590/520
f 1190/1591/520 1198/1572/520 1192/1589/520
f 1189/1592/520 1199/1593/520 1190/1591/520
f 1191/1590/520 1200/1573/520 1189/1592/520
f 1191/1587/516 1201/1594/516 1187/1595/516
f 1189/1596/516 1202/1597/516 1191/1587/516
f 1185/1598/516 1203/1599/516 1189/1596/516
f 1187/1595/516 1204/1600/516 1185/1598/516
f 1186/1601/519 1205/1577/519 1185/1602/519
f 1188/1603/519 1206/1575/519 1186/1601/519
f 1187/1595/519 1207/1604/519 1188/1603/519
f 1185/1602/519 1208/1576/519 1187/1595/519
f 1190/1605/521 1209/1580/521 1189/1606/521
f 1186/1601/521 1210/1578/521 1190/1605/521
f 1185/1602/521 1211/1607/521 1186/1601/521
f 1189/1606/521 1212/1579/521 1185/1602/521
f 1188/1608/26 1213/1583/26 1192/1609/26
f 1186/1610/26 1214/1581/26 1188/1608/26
f 1190/1611/26 1215/1612/26 1186/1610/26
f 1192/1609/26 1216/1582/26 1190/1611/26
f 1164/1613/516 1204/1614/516 1165/1615/516
f 1180/1616/516 1203/1617/516 1181/1618/516
f 1175/1619/516 1202/1620/516 1176/1621/516
f 1169/1622/516 1201/1623/516 1170/1624/516
f 1204/1614/516 1201/1623/516 7/1625/516
f 1203/1617/516 1204/1614/516 1184/1626/516
f 1202/1620/516 1203/1617/516 20/1627/516
f 1201/1623/516 1202/1620/516 1173/1628/516
f 1163/1629/516 1184/1626/516 1204/1614/516
f 1204/1614/516 7/1625/516 1167/1630/516
f 1204/1614/516 1167/1630/516 1166/1631/516
f 1164/1613/516 1163/1629/516 1204/1614/516
f 1204/1614/516 1166/1631/516 1165/1615/516
f 1179/1632/516 20/1627/516 1203/1617/516
f 1203/1617/516 1184/1626/516 1183/1633/516
f 1203/1617/516 1183/1633/516 1182/1634/516
f 1180/1616/516 1179/1632/516 1203/1617/516
f 1203/1617/516 1182/1634/516 1181/1618/516
f 1174/1635/516 1173/1628/516 1202/1620/516
f 1202/1620/516 20/1627/516 1178/1636/516
f 1202/1620/516 1178/1636/516 1177/1637/516
f 1175/1619/516 1174/1635/516 1202/1620/516
f 1202/1620/516 1177/1637/516 1176/1621/516
f 1168/1638/516 7/1625/516 1201/1623/516
f 1201/1623/516 1173/1628/516 1172/1639/516
f 1201/1623/516 1172/1639/516 1171/1640/516
f 1169/1622/516 1168/1638/516 1201/1623/516
f 1201/1623/516 1171/1640/516 1170/1624/516
f 1/1/1 2/4/1 1172/2/1
f 2/4/2 3/6/2 1171/5/2
f 3/6/3 4/8/3 1170/7/3
f 4/8/4 5/10/4 1169/9/4
f 5/10/5 6/12/5 1168/11/5
f 6/12/6 8/14/6 7/13/6
f 8/14/7 9/16/7 1167/15/7
f 9/16/8 10/18/8 1166/17/8
f 10/18/9 11/20/9 1165/19/9
f 11/20/10 12/22/10 1164/21/10
f 12/22/11 13/67/11 1163/23/11
f 1163/23/12 13/67/12 14/24/12
f 1184/25/13 14/24/13 15/26/13
f 1183/27/14 15/26/14 16/28/14
f 1182/29/15 16/28/15 17/30/15
f 1181/31/16 17/30/16 18/32/16
f 1180/33/17 18/32/17 19/34/17
f 1179/35/18 19/34/18 21/36/18
f 20/37/19 21/36/19 22/38/19
f 1178/39/20 22/38/20 23/40/20
f 1177/41/21 23/40/21 24/42/21
f 1176/43/22 24/42/22 25/44/22
f 5/10/23 31/71/23 32/46/23
f 1175/45/24 25/44/24 26/47/24
f 26/47/25 1/73/25 1173/49/25
f 1174/1641/26 1173/1642/26 1172/1643/26
f 1172/1643/26 1171/1644/26 1170/1645/26
f 1170/1645/26 1169/1646/26 1168/1647/26
f 1168/1647/26 7/1648/26 1167/50/26
f 1167/50/26 1166/1649/26 1163/51/26
f 1166/1649/26 1165/1650/26 1163/51/26
f 1165/1650/26 1164/1651/26 1163/51/26
f 1163/51/26 1184/1652/26 1181/52/26
f 1184/1652/26 1183/1653/26 1181/52/26
f 1183/1653/26 1182/1654/26 1181/52/26
f 1181/52/26 1180/1655/26 1179/1656/26
f 1179/1656/26 20/1657/26 1181/52/26
f 20/1657/26 1178/1658/26 1181/52/26
f 1178/1658/26 1177/1659/26 1176/1660/26
f 1176/1660/26 1175/1661/26 1174/1641/26
f 1174/1641/26 1172/1643/26 1170/1645/26
f 1170/1645/26 1168/1647/26 1167/50/26
f 1178/1658/26 1176/1660/26 1181/52/26
f 1176/1660/26 1174/1641/26 1181/52/26
f 1174/1641/26 1170/1645/26 1181/52/26
f 1170/1645/26 1167/50/26 1181/52/26
f 35/53/9 59/99/9 60/54/9
f 11/20/27 36/55/27 37/56/27
f 16/28/28 41/72/28 42/57/28
f 23/40/29 22/38/29 46/58/29
f 3/6/30 29/75/30 30/60/30
f 10/18/31 9/16/31 34/61/31
f 1/1/32 28/101/32 27/62/32
f 14/24/33 39/76/33 40/63/33
f 19/34/34 44/77/34 45/64/34
f 25/44/35 49/78/35 50/65/35
f 8/14/36 6/12/36 32/46/36
f 13/67/37 12/22/37 37/56/37
f 17/30/38 42/57/38 43/69/38
f 23/40/39 47/59/39 48/70/39
f 4/8/40 30/60/40 31/71/40
f 10/18/41 35/53/41 36/55/41
f 16/28/42 15/26/42 40/63/42
f 21/36/43 45/64/43 46/58/43
f 1/73/44 26/47/44 50/65/44
f 3/6/45 2/4/45 27/62/45
f 8/14/46 33/66/46 34/61/46
f 14/24/47 13/67/47 38/68/47
f 18/32/48 43/69/48 44/77/48
f 24/42/49 48/70/49 49/78/49
f 70/79/50 94/127/50 95/80/50
f 50/65/25 74/100/25 52/82/25
f 27/62/2 51/102/2 53/83/2
f 43/69/17 67/103/17 68/84/17
f 36/55/10 60/54/10 61/85/10
f 29/75/3 53/83/3 54/86/3
f 44/77/18 68/84/18 69/87/18
f 37/56/11 61/85/11 62/88/11
f 30/60/4 54/86/4 55/89/4
f 45/64/19 69/87/19 70/79/19
f 38/68/12 62/88/12 63/90/12
f 31/71/5 55/89/5 56/91/5
f 46/58/20 70/79/20 71/81/20
f 39/76/13 63/90/13 64/92/13
f 32/46/6 56/91/6 57/93/6
f 47/59/21 71/81/21 72/94/21
f 40/63/14 64/92/14 65/95/14
f 33/66/7 57/93/7 58/96/7
f 48/70/22 72/94/22 73/97/22
f 41/72/15 65/95/15 66/98/15
f 34/61/8 58/96/8 59/99/8
f 49/78/24 73/97/24 74/100/24
f 28/101/1 52/116/1 51/102/1
f 42/57/16 66/98/16 67/103/16
f 83/104/9 107/149/9 108/105/9
f 64/92/51 63/90/51 87/107/51
f 56/91/52 80/128/52 81/109/52
f 71/81/53 95/80/53 96/110/53
f 64/92/54 88/108/54 89/111/54
f 57/93/55 81/109/55 82/112/55
f 73/97/56 72/94/56 96/110/56
f 65/95/57 89/111/57 90/114/57
f 58/96/58 82/112/58 83/104/58
f 74/100/59 73/97/59 97/113/59
f 52/116/60 76/151/60 75/117/60
f 67/103/61 66/98/61 90/114/61
f 59/99/62 83/104/62 84/106/62
f 52/82/63 74/100/63 98/115/63
f 51/102/64 75/117/64 77/120/64
f 68/84/65 67/103/65 91/118/65
f 60/54/66 84/106/66 85/122/66
f 53/83/67 77/120/67 78/123/67
f 68/84/68 92/121/68 93/124/68
f 61/85/69 85/122/69 86/125/69
f 54/86/70 78/123/70 79/126/70
f 70/79/71 69/87/71 93/124/71
f 62/88/72 86/125/72 87/107/72
f 55/89/73 79/126/73 80/128/73
f 118/129/74 142/176/74 143/130/74
f 98/115/25 122/150/25 100/132/25
f 75/117/2 99/152/2 101/133/2
f 91/118/17 115/153/17 116/134/17
f 84/106/10 108/105/10 109/135/10
f 77/120/3 101/133/3 102/136/3
f 92/121/18 116/134/18 117/137/18
f 85/122/11 109/135/11 110/138/11
f 78/123/4 102/136/4 103/139/4
f 93/124/19 117/137/19 118/129/19
f 86/125/12 110/138/12 111/140/12
f 79/126/5 103/139/5 104/141/5
f 94/127/20 118/129/20 119/131/20
f 87/107/13 111/140/13 112/142/13
f 80/128/6 104/141/6 105/143/6
f 95/80/21 119/131/21 120/144/21
f 88/108/14 112/142/14 113/145/14
f 81/109/7 105/143/7 106/146/7
f 96/110/22 120/144/22 121/147/22
f 89/111/15 113/145/15 114/148/15
f 82/112/8 106/146/8 107/149/8
f 97/113/24 121/147/24 122/150/24
f 76/151/1 100/1662/1 99/152/1
f 90/114/16 114/148/16 115/153/16
f 131/154/75 155/199/75 156/155/75
f 111/140/76 135/177/76 136/157/76
f 104/141/77 128/178/77 129/158/77
f 119/131/78 143/130/78 144/159/78
f 113/145/79 112/142/79 136/157/79
f 105/143/80 129/158/80 130/161/80
f 121/147/81 120/144/81 144/159/81
f 113/145/82 137/160/82 138/163/82
f 106/146/83 130/161/83 131/154/83
f 121/147/84 145/162/84 146/164/84
f 99/152/85 100/1662/85 124/165/85
f 114/148/86 138/163/86 139/167/86
f 107/149/87 131/154/87 132/156/87
f 122/150/88 146/164/88 124/168/88
f 99/152/89 123/166/89 125/169/89
f 115/153/90 139/167/90 140/170/90
f 109/135/91 108/105/91 132/156/91
f 101/133/92 125/169/92 126/172/92
f 116/134/93 140/170/93 141/173/93
f 110/138/94 109/135/94 133/171/94
f 103/139/686 102/136/686 126/172/686
f 117/137/96 141/173/96 142/176/96
f 110/138/97 134/174/97 135/177/97
f 103/139/98 127/175/98 128/178/98
f 159/179/99 183/226/99 184/180/99
f 146/164/100 170/200/100 148/182/100
f 123/166/101 147/201/101 149/183/101
f 139/167/102 163/202/102 164/184/102
f 132/156/103 156/155/103 157/185/103
f 126/172/104 125/169/104 149/183/104
f 140/170/105 164/184/105 165/187/105
f 134/174/106 133/171/106 157/185/106
f 126/172/107 150/186/107 151/189/107
f 141/173/108 165/187/108 166/190/108
f 134/174/109 158/188/109 159/179/109
f 127/175/110 151/189/110 152/191/110
f 142/176/111 166/190/111 167/192/111
f 135/177/112 159/179/112 160/181/112
f 128/178/113 152/191/113 153/193/113
f 144/159/114 143/130/114 167/192/114
f 136/157/115 160/181/115 161/195/115
f 129/158/116 153/193/116 154/196/116
f 145/162/117 144/159/117 168/194/117
f 137/160/118 161/195/118 162/198/118
f 130/161/119 154/196/119 155/199/119
f 146/164/120 145/162/120 169/197/120
f 124/165/121 148/1663/121 147/201/121
f 138/163/122 162/198/122 163/202/122
f 194/203/25 218/248/25 196/204/25
f 152/191/123 176/227/123 177/206/123
f 168/194/124 167/192/124 191/207/124
f 161/195/125 160/181/125 184/180/125
f 154/196/126 153/193/126 177/206/126
f 169/197/127 168/194/127 192/208/127
f 162/198/128 161/195/128 185/209/128
f 155/199/687 154/196/687 178/210/687
f 169/197/130 193/211/130 194/203/130
f 147/201/131 148/1663/131 172/214/131
f 163/202/132 162/198/132 186/212/132
f 156/155/133 155/199/133 179/213/133
f 170/200/134 194/203/134 172/205/134
f 147/201/135 171/215/135 173/218/135
f 163/202/688 187/216/688 188/219/688
f 156/155/137 180/217/137 181/220/137
f 149/183/138 173/218/138 174/221/138
f 164/184/139 188/219/139 189/222/139
f 157/185/140 181/220/140 182/223/140
f 150/186/141 174/221/141 175/224/141
f 165/187/142 189/222/142 190/225/142
f 159/179/143 158/188/143 182/223/143
f 151/189/144 175/224/144 176/227/144
f 167/192/689 166/190/689 190/225/689
f 207/228/146 231/275/146 232/229/146
f 171/215/2 195/249/2 197/231/2
f 187/216/17 211/250/17 212/232/17
f 180/217/10 204/251/10 205/233/10
f 173/218/3 197/231/3 198/234/3
f 188/219/18 212/232/18 213/235/18
f 181/220/11 205/233/11 206/236/11
f 174/221/4 198/234/4 199/237/4
f 189/222/19 213/235/19 214/238/19
f 182/223/12 206/236/12 207/228/12
f 175/224/5 199/237/5 200/239/5
f 190/225/20 214/238/20 215/240/20
f 183/226/13 207/228/13 208/230/13
f 176/227/6 200/239/6 201/241/6
f 191/207/21 215/240/21 216/242/21
f 184/180/14 208/230/14 209/243/14
f 177/206/7 201/241/7 202/244/7
f 192/208/22 216/242/22 217/245/22
f 185/209/15 209/243/15 210/246/15
f 178/210/8 202/244/8 203/247/8
f 193/211/24 217/245/24 218/248/24
f 172/214/1 196/264/1 195/249/1
f 186/212/16 210/246/16 211/250/16
f 179/213/9 203/247/9 204/251/9
f 219/252/2 243/298/2 245/253/2
f 201/241/147 200/239/147 224/255/147
f 215/240/148 239/276/148 240/257/148
f 208/230/149 232/229/149 233/258/149
f 201/241/150 225/256/150 226/259/150
f 216/242/151 240/257/151 241/260/151
f 209/243/152 233/258/152 234/261/152
f 202/244/153 226/259/153 227/262/153
f 217/245/154 241/260/154 242/263/154
f 196/264/155 220/297/155 219/252/155
f 210/246/156 234/261/156 235/265/156
f 203/247/157 227/262/157 228/266/157
f 218/248/158 242/263/158 220/267/158
f 195/249/159 219/252/159 221/254/159
f 212/232/160 211/250/160 235/265/160
f 204/251/161 228/266/161 229/269/161
f 197/231/162 221/254/162 222/270/162
f 213/235/163 212/232/163 236/268/163
f 205/233/164 229/269/164 230/272/164
f 199/237/165 198/234/165 222/270/165
f 213/235/166 237/271/166 238/274/166
f 206/236/167 230/272/167 231/275/167
f 200/239/168 199/237/168 223/273/168
f 214/238/169 238/274/169 239/276/169
f 248/277/170 272/324/170 273/278/170
f 235/265/17 259/299/17 260/280/17
f 228/266/10 252/300/10 253/281/10
f 221/254/3 245/253/3 246/282/3
f 236/268/18 260/280/18 261/283/18
f 229/269/11 253/281/11 254/284/11
f 222/270/4 246/282/4 247/285/4
f 237/271/19 261/283/19 262/286/19
f 230/272/12 254/284/12 255/287/12
f 223/273/5 247/285/5 248/277/5
f 238/274/20 262/286/20 263/288/20
f 231/275/13 255/287/13 256/289/13
f 224/255/6 248/277/6 249/279/6
f 239/276/21 263/288/21 264/290/21
f 232/229/14 256/289/14 257/291/14
f 225/256/7 249/279/7 250/292/7
f 240/257/22 264/290/22 265/293/22
f 233/258/15 257/291/15 258/294/15
f 226/259/8 250/292/8 251/295/8
f 241/260/24 265/293/24 266/296/24
f 220/297/1 244/312/1 243/298/1
f 234/261/16 258/294/16 259/299/16
f 227/262/9 251/295/9 252/300/9
f 242/263/25 266/296/25 244/301/25
f 283/302/17 307/348/17 308/303/17
f 263/288/171 287/325/171 288/305/171
f 256/289/172 280/326/172 281/306/172
f 250/292/173 249/279/173 273/278/173
f 265/293/174 264/290/174 288/305/174
f 258/294/175 257/291/175 281/306/175
f 250/292/176 274/307/176 275/310/176
f 266/296/177 265/293/177 289/308/177
f 244/312/178 268/346/178 267/313/178
f 259/299/179 258/294/179 282/309/179
f 252/300/180 251/295/180 275/310/180
f 266/296/181 290/311/181 268/315/181
f 245/253/182 243/298/182 267/313/182
f 259/299/183 283/302/183 284/304/183
f 253/281/184 252/300/184 276/314/184
f 245/253/185 269/316/185 270/318/185
f 260/280/186 284/304/186 285/319/186
f 253/281/187 277/317/187 278/320/187
f 246/282/188 270/318/188 271/321/188
f 262/286/189 261/283/189 285/319/189
f 254/284/190 278/320/190 279/323/190
f 247/285/191 271/321/191 272/324/191
f 262/286/192 286/322/192 287/325/192
f 256/289/193 255/287/193 279/323/193
f 296/327/194 320/374/194 321/328/194
f 276/314/10 300/349/10 301/330/10
f 269/316/3 293/351/3 294/331/3
f 284/304/18 308/303/18 309/332/18
f 277/317/11 301/330/11 302/333/11
f 270/318/4 294/331/4 295/334/4
f 285/319/19 309/332/19 310/335/19
f 278/320/12 302/333/12 303/336/12
f 271/321/5 295/334/5 296/327/5
f 286/322/20 310/335/20 311/337/20
f 279/323/13 303/336/13 304/338/13
f 272/324/6 296/327/6 297/329/6
f 287/325/21 311/337/21 312/339/21
f 280/326/14 304/338/14 305/340/14
f 273/278/7 297/329/7 298/341/7
f 288/305/22 312/339/22 313/342/22
f 281/306/15 305/340/15 306/343/15
f 274/307/8 298/341/8 299/344/8
f 289/308/24 313/342/24 314/345/24
f 268/346/1 292/1664/1 291/347/1
f 282/309/16 306/343/16 307/348/16
f 275/310/9 299/344/9 300/349/9
f 290/311/25 314/345/25 292/350/25
f 267/313/2 291/347/2 293/351/2
f 324/352/10 348/396/10 349/353/10
f 311/337/195 335/375/195 336/355/195
f 304/338/196 328/376/196 329/356/196
f 297/329/197 321/328/197 322/357/197
f 313/342/198 312/339/198 336/355/198
f 305/340/199 329/356/199 330/359/199
f 298/341/200 322/357/200 323/360/200
f 313/342/201 337/358/201 338/361/201
f 291/347/202 292/1664/202 316/362/202
f 306/343/203 330/359/203 331/364/203
f 299/344/204 323/360/204 324/352/204
f 314/345/205 338/361/205 316/365/205
f 291/347/206 315/363/206 317/366/206
f 307/348/207 331/364/207 332/367/207
f 300/349/208 324/352/208 325/354/208
f 294/331/209 293/351/209 317/366/209
f 309/332/210 308/303/210 332/367/210
f 301/330/211 325/354/211 326/370/211
f 294/331/212 318/368/212 319/371/212
f 309/332/213 333/369/213 334/372/213
f 302/333/214 326/370/214 327/373/214
f 296/327/215 295/334/215 319/371/215
f 310/335/216 334/372/216 335/375/216
f 303/336/217 327/373/217 328/376/217
f 317/366/3 341/398/3 342/377/3
f 332/367/18 356/399/18 357/378/18
f 325/354/11 349/353/11 350/379/11
f 318/368/4 342/377/4 343/380/4
f 333/369/19 357/378/19 358/381/19
f 326/370/12 350/379/12 351/382/12
f 319/371/5 343/380/5 344/383/5
f 334/372/20 358/381/20 359/384/20
f 327/373/13 351/382/13 352/385/13
f 320/374/6 344/383/6 345/386/6
f 335/375/21 359/384/21 360/387/21
f 328/376/14 352/385/14 353/388/14
f 321/328/7 345/386/7 346/389/7
f 336/355/22 360/387/22 361/390/22
f 329/356/15 353/388/15 354/391/15
f 322/357/8 346/389/8 347/392/8
f 337/358/24 361/390/24 362/393/24
f 316/362/1 340/400/1 339/394/1
f 330/359/16 354/391/16 355/395/16
f 323/360/9 347/392/9 348/396/9
f 338/361/25 362/393/25 340/397/25
f 315/363/2 339/394/2 341/398/2
f 331/364/17 355/395/17 356/399/17
f 340/400/218 364/1665/218 363/401/218
f 376/403/14 400/486/14 401/404/14
f 386/406/219 364/470/219 340/407/219
f 385/408/220 386/463/220 362/409/220
f 384/410/221 385/458/221 361/411/221
f 359/384/222 383/1666/222 384/412/222
f 382/414/223 383/485/223 359/415/223
f 381/416/224 382/480/224 358/417/224
f 356/399/225 380/1667/225 381/418/225
f 355/395/226 379/1668/226 380/420/226
f 378/422/227 379/467/227 355/423/227
f 353/388/228 377/1669/228 378/424/228
f 376/426/229 377/405/229 353/427/229
f 375/428/230 376/403/230 352/429/230
f 374/430/231 375/482/231 351/431/231
f 349/353/232 373/1670/232 374/432/232
f 372/434/233 373/474/233 349/435/233
f 347/392/234 371/1671/234 372/436/234
f 370/438/235 371/461/235 347/439/235
f 345/386/236 369/1672/236 370/440/236
f 368/442/237 369/455/237 345/443/237
f 343/380/238 367/1673/238 368/444/238
f 366/446/239 367/478/239 343/447/239
f 341/398/240 365/1674/240 366/448/240
f 339/394/241 363/1675/241 365/450/241
f 390/452/242 389/471/242 413/453/242
f 369/455/7 393/487/7 394/456/7
f 384/412/22 408/488/22 409/457/22
f 377/405/15 401/404/15 402/459/15
f 370/440/8 394/456/8 395/460/8
f 385/458/24 409/457/24 410/462/24
f 364/464/1 388/507/1 387/465/1
f 378/424/16 402/459/16 403/466/16
f 371/461/9 395/460/9 396/468/9
f 386/463/25 410/462/25 388/469/25
f 363/401/2 387/465/2 389/471/2
f 379/467/17 403/466/17 404/472/17
f 372/436/10 396/468/10 397/473/10
f 365/450/3 389/471/3 390/452/3
f 380/420/18 404/472/18 405/475/18
f 373/474/11 397/473/11 398/476/11
f 366/448/4 390/452/4 391/477/4
f 381/418/19 405/475/19 406/479/19
f 374/432/12 398/476/12 399/481/12
f 367/478/5 391/477/5 392/483/5
f 382/480/20 406/479/20 407/484/20
f 375/482/13 399/481/13 400/486/13
f 368/444/6 392/483/6 393/487/6
f 383/485/21 407/484/21 408/488/21
f 405/475/243 404/472/243 428/489/243
f 398/476/244 397/473/244 421/491/244
f 390/452/245 414/454/245 415/493/245
f 405/475/246 429/490/246 430/494/246
f 399/481/247 398/476/247 422/492/247
f 392/483/248 391/477/248 415/493/248
f 406/479/249 430/494/249 431/497/249
f 399/481/250 423/495/250 424/498/250
f 393/487/251 392/483/251 416/496/251
f 407/484/252 431/497/252 432/500/252
f 400/486/253 424/498/253 425/501/253
f 393/487/254 417/499/254 418/502/254
f 408/488/255 432/500/255 433/503/255
f 402/459/256 401/404/256 425/501/256
f 394/456/257 418/502/257 419/505/257
f 409/457/258 433/503/258 434/506/258
f 388/507/259 412/1676/259 411/508/259
f 402/459/260 426/504/260 427/509/260
f 396/468/261 395/460/261 419/505/261
f 410/462/262 434/506/262 412/511/262
f 387/465/263 411/508/263 413/453/263
f 404/472/264 403/466/264 427/509/264
f 396/468/265 420/510/265 421/491/265
f 456/512/266 888/525/266 438/513/266
f 448/515/267 449/527/267 891/516/267
f 465/518/690 882/529/690 883/519/690
f 442/521/269 896/531/269 441/522/269
f 456/512/270 457/533/270 887/524/270
f 450/526/271 435/535/271 891/516/271
f 464/528/272 441/1677/272 882/529/272
f 443/530/273 895/537/273 896/531/273
f 458/532/274 886/539/274 887/524/274
f 451/534/275 436/541/275 435/535/275
f 444/536/276 898/543/276 895/537/276
f 459/538/277 885/545/277 886/539/277
f 452/540/691 890/547/691 436/541/691
f 445/542/279 894/549/279 898/543/279
f 459/538/280 460/551/280 439/544/280
f 453/546/692 889/553/692 890/547/692
f 446/548/282 893/555/282 894/549/282
f 461/550/283 884/557/283 439/544/283
f 453/546/284 454/558/284 437/552/284
f 446/548/285 447/559/285 892/554/285
f 462/556/286 440/585/286 884/557/286
f 455/514/693 438/513/693 437/552/693
f 447/559/288 448/515/288 897/517/288
f 469/560/16 445/542/16 444/536/16
f 484/562/7 460/551/7 459/538/7
f 477/564/25 453/546/25 452/540/25
f 470/566/17 446/548/17 445/542/17
f 485/567/8 461/550/8 460/551/8
f 478/568/1 454/558/1 453/546/1
f 471/569/18 447/559/18 446/548/18
f 486/570/9 462/556/9 461/550/9
f 479/571/2 455/514/2 454/558/2
f 472/572/19 448/515/19 447/559/19
f 487/573/289 463/520/289 462/556/289
f 480/574/290 456/512/290 455/514/290
f 473/575/20 449/527/20 448/515/20
f 489/576/11 465/518/11 463/520/11
f 466/577/13 442/521/13 464/523/13
f 481/579/4 457/533/4 456/512/4
f 474/580/21 450/526/21 449/527/21
f 488/581/12 464/528/12 465/518/12
f 467/582/14 443/530/14 442/521/14
f 482/583/5 458/532/5 457/533/5
f 475/584/22 451/534/22 450/526/22
f 468/561/341 444/536/341 443/530/341
f 482/583/6 483/563/6 459/538/6
f 462/556/292 463/520/292 883/519/292
f 489/586/293 487/573/293 511/587/293
f 511/589/294 487/1678/294 486/570/294
f 486/591/295 485/567/295 509/592/295
f 509/594/296 485/1679/296 484/562/296
f 508/596/297 484/1680/297 483/563/297
f 483/598/298 482/583/298 506/599/298
f 482/601/299 481/579/299 505/602/299
f 481/604/300 480/574/300 504/605/300
f 480/607/301 479/571/301 503/608/301
f 479/610/302 478/568/302 502/611/302
f 478/613/303 477/564/303 501/614/303
f 501/616/304 477/1681/304 476/565/304
f 500/618/305 476/1682/305 475/584/305
f 499/620/306 475/1683/306 474/580/306
f 474/622/307 473/575/307 497/623/307
f 473/625/308 472/572/308 496/626/308
f 496/628/309 472/1684/309 471/569/309
f 471/630/310 470/566/310 494/631/310
f 470/633/311 469/560/311 493/634/311
f 493/636/312 469/1685/312 468/561/312
f 492/638/313 468/1686/313 467/582/313
f 467/640/314 466/577/314 490/641/314
f 466/643/315 488/578/315 512/644/315
f 476/565/24 452/540/24 451/534/24
f 512/646/316 488/1687/316 489/576/316
f 521/648/20 497/627/20 496/628/20
f 537/650/11 513/588/11 511/589/11
f 514/652/13 490/645/13 512/653/13
f 529/655/4 505/606/4 504/609/4
f 522/657/21 498/624/21 497/627/21
f 536/658/12 512/646/12 513/588/12
f 515/659/14 491/642/14 490/645/14
f 529/655/5 530/662/5 506/603/5
f 523/660/22 499/620/22 498/624/22
f 516/661/15 492/638/15 491/642/15
f 530/662/6 531/666/6 507/600/6
f 524/663/24 500/618/24 499/620/24
f 517/664/16 493/636/16 492/638/16
f 532/665/7 508/596/7 507/600/7
f 525/667/25 501/616/25 500/618/25
f 518/668/17 494/635/17 493/636/17
f 533/669/8 509/594/8 508/596/8
f 526/670/1 502/615/1 501/616/1
f 519/671/18 495/632/18 494/635/18
f 534/672/9 510/593/9 509/594/9
f 527/673/2 503/612/2 502/615/2
f 520/649/19 496/628/19 495/632/19
f 535/651/10 511/589/10 510/593/10
f 549/674/317 525/667/317 524/663/317
f 542/676/318 518/668/318 517/664/318
f 556/678/319 557/680/319 533/669/319
f 550/679/320 526/670/320 525/667/320
f 542/676/694 543/682/694 519/671/694
f 557/680/322 558/683/322 534/672/322
f 551/681/323 527/673/323 526/670/323
f 543/682/695 544/686/695 520/649/695
f 558/683/325 559/688/325 535/651/325
f 552/684/326 528/656/326 527/673/326
f 545/685/327 521/648/327 520/649/327
f 561/687/328 537/650/328 535/651/328
f 538/689/329 514/652/329 536/654/329
f 553/691/330 529/655/330 528/656/330
f 546/692/331 522/657/331 521/648/331
f 561/687/332 560/1688/332 536/658/332
f 539/693/333 515/659/333 514/652/333
f 554/694/334 530/662/334 529/655/334
f 547/695/335 523/660/335 522/657/335
f 540/696/336 516/661/336 515/659/336
f 555/697/337 531/666/337 530/662/337
f 548/675/338 524/663/338 523/660/338
f 541/677/339 517/664/339 516/661/339
f 528/656/3 504/609/3 503/612/3
f 585/698/11 561/687/11 559/688/11
f 562/700/13 538/689/13 560/690/13
f 576/702/4 577/707/4 553/691/4
f 570/703/369 546/692/369 545/685/369
f 584/705/12 560/1688/12 561/687/12
f 563/706/14 539/693/14 538/689/14
f 577/707/5 578/711/5 554/694/5
f 571/708/22 547/695/22 546/692/22
f 564/709/15 540/696/15 539/693/15
f 579/710/6 555/697/6 554/694/6
f 572/712/24 548/675/24 547/695/24
f 565/713/467 541/677/467 540/696/467
f 580/714/7 556/678/7 555/697/7
f 573/715/25 549/674/25 548/675/25
f 566/716/17 542/676/17 541/677/17
f 581/717/8 557/680/8 556/678/8
f 574/718/1 550/679/1 549/674/1
f 567/719/18 543/682/18 542/676/18
f 581/717/9 582/722/9 558/683/9
f 575/720/2 551/681/2 550/679/2
f 568/721/19 544/686/19 543/682/19
f 582/722/289 583/699/289 559/688/289
f 575/720/290 576/702/290 552/684/290
f 556/678/344 532/665/344 531/666/344
f 596/723/345 597/729/345 573/715/345
f 590/724/346 566/716/346 565/713/346
f 605/726/347 581/717/347 580/714/347
f 598/728/348 574/718/348 573/715/348
f 591/730/349 567/719/349 566/716/349
f 606/731/350 582/722/350 581/717/350
f 599/732/351 575/720/351 574/718/351
f 591/730/352 592/735/352 568/721/352
f 607/733/353 583/699/353 582/722/353
f 599/732/696 600/738/696 576/702/696
f 593/734/355 569/704/355 568/721/355
f 607/733/356 609/740/356 585/698/356
f 586/736/357 562/700/357 584/701/357
f 600/738/697 601/742/697 577/707/697
f 594/739/359 570/703/359 569/704/359
f 609/740/360 608/1689/360 584/705/360
f 586/736/361 587/743/361 563/706/361
f 602/741/362 578/711/362 577/707/362
f 594/739/698 595/744/698 571/708/698
f 587/743/364 588/745/364 564/709/364
f 602/741/365 603/762/365 579/710/365
f 596/723/366 572/712/366 571/708/366
f 589/725/367 565/713/367 564/709/367
f 569/704/20 545/685/20 544/686/20
f 610/746/13 586/736/13 608/737/13
f 625/748/340 601/742/340 600/738/340
f 618/750/369 594/739/369 593/734/369
f 632/752/12 608/1689/12 609/740/12
f 611/754/14 587/743/14 586/736/14
f 626/755/5 602/741/5 601/742/5
f 619/756/699 595/744/699 594/739/699
f 612/757/700 588/745/700 587/743/700
f 627/758/6 603/762/6 602/741/6
f 620/759/24 596/723/24 595/744/24
f 613/760/467 589/725/467 588/745/467
f 628/761/7 604/727/7 603/762/7
f 621/763/25 597/729/25 596/723/25
f 614/764/17 590/724/17 589/725/17
f 629/765/8 605/726/8 604/727/8
f 622/766/1 598/728/1 597/729/1
f 615/767/18 591/730/18 590/724/18
f 630/768/343 606/731/343 605/726/343
f 623/769/2 599/732/2 598/728/2
f 616/770/19 592/735/19 591/730/19
f 631/771/10 607/733/10 606/731/10
f 624/749/3 600/738/3 599/732/3
f 617/751/20 593/734/20 592/735/20
f 604/727/371 580/714/371 579/710/371
f 638/772/372 614/764/372 613/760/372
f 652/774/373 653/778/373 629/765/373
f 646/775/374 622/766/374 621/763/374
f 639/777/375 615/767/375 614/764/375
f 653/778/376 654/781/376 630/768/376
f 646/775/377 647/782/377 623/769/377
f 640/779/378 616/770/378 615/767/378
f 655/780/379 631/771/379 630/768/379
f 647/782/380 648/787/380 624/749/380
f 640/779/381 641/789/381 617/751/381
f 657/783/382 633/753/382 631/771/382
f 634/784/383 610/746/383 632/747/383
f 649/786/384 625/748/384 624/749/384
f 642/788/385 618/750/385 617/751/385
f 656/790/386 632/752/386 633/753/386
f 635/791/387 611/754/387 610/746/387
f 650/792/388 626/755/388 625/748/388
f 643/793/389 619/756/389 618/750/389
f 636/794/390 612/757/390 611/754/390
f 651/795/391 627/758/391 626/755/391
f 644/796/392 620/759/392 619/756/392
f 637/773/393 613/760/393 612/757/393
f 651/795/394 652/774/394 628/761/394
f 633/753/11 609/740/11 607/733/11
f 673/797/4 649/786/4 648/787/4
f 666/799/21 642/788/21 641/789/21
f 680/801/12 656/790/12 657/783/12
f 659/803/14 635/791/14 634/784/14
f 674/805/5 650/792/5 649/786/5
f 667/806/22 643/793/22 642/788/22
f 660/807/15 636/794/15 635/791/15
f 675/808/6 651/795/6 650/792/6
f 668/809/24 644/796/24 643/793/24
f 661/810/16 637/773/16 636/794/16
f 676/811/7 652/774/7 651/795/7
f 669/812/25 645/776/25 644/796/25
f 662/813/17 638/772/17 637/773/17
f 677/814/8 653/778/8 652/774/8
f 670/815/1 646/775/1 645/776/1
f 663/816/18 639/777/18 638/772/18
f 678/817/370 654/781/370 653/778/370
f 671/818/2 647/782/2 646/775/2
f 664/819/19 640/779/19 639/777/19
f 679/820/10 655/780/10 654/781/10
f 672/798/3 648/787/3 647/782/3
f 665/800/20 641/789/20 640/779/20
f 681/802/11 657/783/11 655/780/11
f 645/776/395 621/763/395 620/759/395
f 685/821/701 686/827/701 662/813/701
f 701/822/702 677/814/702 676/811/702
f 694/824/398 670/815/398 669/812/398
f 687/826/399 663/816/399 662/813/399
f 702/828/400 678/817/400 677/814/400
f 694/824/703 695/832/703 671/818/703
f 688/829/402 664/819/402 663/816/402
f 703/830/403 679/820/403 678/817/403
f 696/831/404 672/798/404 671/818/404
f 689/833/704 665/800/704 664/819/704
f 703/830/705 705/838/705 681/802/705
f 682/834/407 658/804/407 680/835/407
f 696/831/408 697/840/408 673/797/408
f 689/833/409 690/841/409 666/799/409
f 704/837/410 680/801/410 681/802/410
f 683/839/706 659/803/706 658/804/706
f 697/840/707 698/843/707 674/805/707
f 690/841/413 691/845/413 667/806/413
f 683/839/414 684/846/414 660/807/414
f 699/842/415 675/808/415 674/805/415
f 692/844/416 668/809/416 667/806/416
f 684/846/417 685/821/417 661/810/417
f 700/823/418 676/811/418 675/808/418
f 658/804/13 634/784/13 656/785/13
f 714/847/419 690/841/419 689/833/419
f 728/849/420 704/837/420 705/838/420
f 707/851/421 683/839/421 682/834/421
f 722/853/422 698/843/422 697/840/422
f 715/855/423 691/845/423 690/841/423
f 708/856/424 684/846/424 683/839/424
f 723/857/425 699/842/425 698/843/425
f 716/858/426 692/844/426 691/845/426
f 709/859/427 685/821/427 684/846/427
f 724/860/428 700/823/428 699/842/428
f 717/861/429 693/825/429 692/844/429
f 710/862/430 686/827/430 685/821/430
f 724/860/431 725/866/431 701/822/431
f 718/863/432 694/824/432 693/825/432
f 711/864/433 687/826/433 686/827/433
f 726/865/434 702/828/434 701/822/434
f 719/867/435 695/832/435 694/824/435
f 712/868/436 688/829/436 687/826/436
f 727/869/437 703/830/437 702/828/437
f 720/870/438 696/831/438 695/832/438
f 713/848/439 689/833/439 688/829/439
f 727/869/440 729/850/440 705/838/440
f 706/852/441 682/834/441 704/836/441
f 692/844/442 693/825/442 669/812/442
f 748/872/708 749/877/708 725/866/708
f 742/873/444 718/863/444 717/861/444
f 735/875/445 711/864/445 710/862/445
f 749/877/709 750/880/709 726/865/709
f 742/873/447 743/882/447 719/867/447
f 736/878/448 712/868/448 711/864/448
f 751/879/449 727/869/449 726/865/449
f 744/881/710 720/870/710 719/867/710
f 737/883/451 713/848/451 712/868/451
f 753/884/452 729/850/452 727/869/452
f 730/885/453 706/852/453 728/871/453
f 744/881/711 745/889/711 721/854/711
f 738/887/712 714/847/712 713/848/712
f 753/884/456 752/1690/456 728/849/456
f 731/888/457 707/851/457 706/852/457
f 745/889/458 746/892/458 722/853/458
f 739/890/459 715/855/459 714/847/459
f 732/891/713 708/856/713 707/851/713
f 746/892/461 747/894/461 723/857/461
f 739/890/462 740/895/462 716/858/462
f 733/893/714 709/859/714 708/856/714
f 748/872/464 724/860/464 723/857/464
f 741/874/465 717/861/465 716/858/465
f 721/854/466 697/840/466 696/831/466
f 762/896/21 738/887/21 737/883/21
f 776/898/12 752/1690/12 753/884/12
f 755/900/14 731/888/14 730/885/14
f 770/902/5 746/892/5 745/889/5
f 763/904/22 739/890/22 738/887/22
f 756/905/15 732/891/15 731/888/15
f 771/906/6 747/894/6 746/892/6
f 764/907/24 740/895/24 739/890/24
f 757/908/16 733/893/16 732/891/16
f 772/909/7 748/872/7 747/894/7
f 765/910/25 741/874/25 740/895/25
f 758/911/17 734/876/17 733/893/17
f 773/912/8 749/877/8 748/872/8
f 766/913/1 742/873/1 741/874/1
f 759/914/18 735/875/18 734/876/18
f 774/915/9 750/880/9 749/877/9
f 767/916/2 743/882/2 742/873/2
f 760/917/19 736/878/19 735/875/19
f 775/918/10 751/879/10 750/880/10
f 768/919/3 744/881/3 743/882/3
f 761/897/20 737/883/20 736/878/20
f 777/899/11 753/884/11 751/879/11
f 754/901/13 730/885/13 752/886/13
f 734/876/468 710/862/468 709/859/468
f 797/921/469 773/912/469 772/909/469
f 789/923/470 790/926/470 766/913/470
f 782/924/471 783/927/471 759/914/471
f 798/925/472 774/915/472 773/912/472
f 790/926/715 791/930/715 767/916/715
f 783/927/474 784/931/474 760/917/474
f 799/928/475 775/918/475 774/915/475
f 792/929/476 768/919/476 767/916/476
f 784/931/477 785/936/477 761/897/477
f 801/932/478 777/899/478 775/918/478
f 778/933/479 754/901/479 776/920/479
f 793/935/480 769/903/480 768/919/480
f 785/936/481 786/941/481 762/896/481
f 800/937/482 776/898/482 777/899/482
f 779/938/483 755/900/483 754/901/483
f 794/939/484 770/902/484 769/903/484
f 787/940/485 763/904/485 762/896/485
f 779/938/486 780/945/486 756/905/486
f 795/942/487 771/906/487 770/902/487
f 788/943/716 764/907/716 763/904/716
f 781/944/489 757/908/489 756/905/489
f 795/942/490 796/922/490 772/909/490
f 788/943/491 789/923/491 765/910/491
f 769/903/4 745/889/4 744/881/4
f 810/946/21 786/941/21 785/936/21
f 824/948/12 800/937/12 801/932/12
f 803/950/14 779/938/14 778/933/14
f 818/952/5 794/939/5 793/935/5
f 811/954/291 787/940/291 786/941/291
f 804/955/341 780/945/341 779/938/341
f 819/956/6 795/942/6 794/939/6
f 812/957/24 788/943/24 787/940/24
f 805/958/16 781/944/16 780/945/16
f 820/959/7 796/922/7 795/942/7
f 813/960/25 789/923/25 788/943/25
f 806/961/17 782/924/17 781/944/17
f 821/962/8 797/921/8 796/922/8
f 814/963/1 790/926/1 789/923/1
f 807/964/18 783/927/18 782/924/18
f 822/965/9 798/925/9 797/921/9
f 815/966/2 791/930/2 790/926/2
f 808/967/19 784/931/19 783/927/19
f 823/968/10 799/928/10 798/925/10
f 816/969/290 792/929/290 791/930/290
f 809/947/20 785/936/20 784/931/20
f 825/949/11 801/932/11 799/928/11
f 802/951/13 778/933/13 800/934/13
f 782/924/492 758/911/492 757/908/492
f 828/971/493 830/986/493 804/955/493
f 840/972/494 809/947/494 808/967/494
f 848/974/495 850/989/495 814/963/495
f 860/975/496 819/956/496 818/952/496
f 868/977/497 870/992/497 825/949/497
f 826/978/498 802/951/498 824/970/498
f 836/980/499 807/964/499 806/961/499
f 846/982/500 812/957/500 811/954/500
f 854/984/501 856/993/501 817/953/501
f 864/985/502 866/994/502 822/965/502
f 830/986/503 832/995/503 805/958/503
f 842/987/504 810/946/504 809/947/504
f 852/988/505 815/966/505 814/963/505
f 862/990/506 820/959/506 819/956/506
f 828/971/507 803/950/507 802/951/507
f 838/973/508 808/967/508 807/964/508
f 848/974/509 813/960/509 812/957/509
f 872/991/510 824/948/510 825/949/510
f 856/993/511 858/976/511 818/952/511
f 866/994/512 868/977/512 823/968/512
f 832/995/513 834/981/513 806/961/513
f 844/983/514 811/954/514 810/946/514
f 852/988/515 854/984/515 816/969/515
f 817/953/4 793/935/4 792/929/4
f 827/1691/516 873/1692/516 867/996/516
f 873/1692/516 871/1693/516 867/996/516
f 871/1693/516 869/1694/516 867/996/516
f 867/996/516 865/1695/516 863/1696/516
f 863/1696/516 861/1697/516 867/996/516
f 861/1697/516 859/997/516 867/996/516
f 859/997/516 857/1698/516 855/1699/516
f 855/1699/516 853/1700/516 851/1701/516
f 851/1701/516 849/1702/516 847/1703/516
f 847/1703/516 845/1704/516 843/998/516
f 843/998/516 841/1705/516 839/1706/516
f 839/1706/516 837/1707/516 835/1708/516
f 835/1708/516 833/1709/516 827/1691/516
f 833/1709/516 831/1710/516 827/1691/516
f 831/1710/516 829/1711/516 827/1691/516
f 859/997/516 855/1699/516 851/1701/516
f 851/1701/516 847/1703/516 859/997/516
f 847/1703/516 843/998/516 859/997/516
f 843/998/516 839/1706/516 827/1691/516
f 839/1706/516 835/1708/516 827/1691/516
f 827/1691/516 867/996/516 843/998/516
f 826/978/13 872/979/13 873/999/13
f 828/971/14 826/978/14 827/1000/14
f 862/990/517 864/985/517 821/962/517
f 830/986/341 828/971/341 829/1001/341
f 832/995/16 830/986/16 831/1002/16
f 834/981/17 832/995/17 833/1003/17
f 836/980/18 834/981/18 835/1004/18
f 838/973/19 836/980/19 837/1005/19
f 840/972/20 838/973/20 839/1006/20
f 842/987/21 840/972/21 841/1007/21
f 844/983/22 842/987/22 843/1008/22
f 846/982/24 844/983/24 845/1009/24
f 848/974/25 846/982/25 847/1010/25
f 850/989/1 848/974/1 849/1011/1
f 852/988/2 850/989/2 851/1012/2
f 854/984/290 852/988/290 853/1013/290
f 856/993/4 854/984/4 855/1014/4
f 858/976/5 856/993/5 857/1015/5
f 860/975/6 858/976/6 859/1016/6
f 862/990/7 860/975/7 861/1017/7
f 864/985/8 862/990/8 863/1018/8
f 866/994/9 864/985/9 865/1019/9
f 868/977/289 866/994/289 867/1020/289
f 870/992/11 868/977/11 869/1021/11
f 872/991/12 870/992/12 871/1022/12
f 1140/1024/518 1141/1516/518 1142/1025/518
f 1144/1027/519 1145/1521/519 1146/1028/519
f 1152/1030/520 1153/1532/520 1154/1031/520
f 1156/1033/521 1157/1535/521 1158/1034/521
f 1160/1036/516 1161/1540/516 1162/1037/516
f 930/1039/2 437/1712/2 438/1040/2
f 438/1042/3 888/1713/3 899/1043/3
f 888/1045/4 887/1714/4 901/1046/4
f 887/1048/5 886/1715/5 903/1049/5
f 886/1051/6 885/545/6 905/1052/6
f 885/1054/7 439/1716/7 933/1055/7
f 439/1057/8 884/1717/8 907/1058/8
f 884/1060/9 440/1718/9 935/1061/9
f 440/1063/10 883/1719/10 909/1064/10
f 883/1066/11 882/1720/11 911/1067/11
f 882/1069/12 441/1721/12 937/1070/12
f 441/1072/13 896/1722/13 913/1073/13
f 896/1075/14 895/1723/14 915/1076/14
f 895/1078/15 898/1724/15 939/1079/15
f 898/1081/16 894/1725/16 917/1082/16
f 894/1084/17 893/1726/17 919/1085/17
f 893/1087/18 892/554/18 921/1088/18
f 892/1090/19 897/1727/19 941/1091/19
f 897/1093/20 891/1728/20 923/1094/20
f 891/1096/21 435/1729/21 943/1097/21
f 435/1099/22 436/1730/22 945/1100/22
f 436/1102/24 890/1731/24 925/1103/24
f 890/1105/25 889/1732/25 927/1106/25
f 889/1108/1 437/1733/1 930/1109/1
f 928/1111/1 929/1114/1 411/1112/1
f 927/1110/1 930/1109/1 929/1114/1
f 926/1115/25 928/1261/25 412/1116/25
f 906/1118/518 975/1316/518 972/1119/518
f 946/1120/24 926/1123/24 434/1121/24
f 945/1104/24 925/1103/24 926/1123/24
f 944/1124/22 946/1146/22 433/1125/22
f 942/1127/516 1120/1460/516 1047/1128/516
f 924/1130/21 944/1133/21 432/1131/21
f 923/1098/21 943/1097/21 944/1133/21
f 942/1127/20 924/1129/20 431/1134/20
f 906/1136/516 904/1192/516 968/1137/516
f 922/1139/19 942/1141/19 430/1140/19
f 922/1139/19 921/1092/19 941/1091/19
f 920/1142/18 922/1251/18 429/1143/18
f 944/1124/516 1128/1456/516 1135/1145/516
f 918/1147/17 920/1150/17 428/1148/17
f 917/1086/17 919/1085/17 920/1150/17
f 940/1151/16 918/1276/16 427/1152/16
f 925/1103/522 1051/1384/522 1056/1154/522
f 916/1155/15 940/1158/15 426/1156/15
f 915/1080/15 939/1079/15 940/1158/15
f 914/1159/14 916/1171/14 425/1160/14
f 931/1041/26 1076/1508/26 1071/1162/26
f 938/1163/13 914/1166/13 424/1164/13
f 937/1074/13 913/1073/13 914/1166/13
f 912/1167/12 938/1245/12 423/1168/12
f 914/1159/516 1008/1473/516 1015/1170/516
f 910/1172/11 912/1175/11 422/1173/11
f 909/1068/11 911/1067/11 912/1175/11
f 936/1176/10 910/1270/10 421/1177/10
f 918/1147/523 1023/1354/523 1020/1179/523
f 908/1180/9 936/1183/9 420/1181/9
f 907/1062/9 935/1061/9 936/1183/9
f 934/1184/8 908/1214/8 419/1185/8
f 964/1187/6 971/1321/6 976/1188/6
f 906/1118/7 934/1191/7 418/1190/7
f 905/1056/7 933/1055/7 934/1191/7
f 904/1192/6 906/1136/6 417/1193/6
f 916/1155/524 1015/1347/524 1012/1195/524
f 902/1196/5 904/1199/5 416/1197/5
f 901/1050/5 903/1049/5 904/1199/5
f 900/1200/4 902/1259/4 415/1201/4
f 1124/1203/22 1131/1446/22 1136/1204/22
f 932/1206/3 900/1209/3 414/1207/3
f 931/1044/3 899/1043/3 900/1209/3
f 411/1210/2 929/1232/2 932/1211/2
f 934/1184/516 1088/1493/516 983/1213/516
f 927/1106/26 1060/1451/26 1051/1215/26
f 943/1101/26 945/1100/26 1132/1216/26
f 941/1095/26 923/1094/26 1044/1218/26
f 919/1089/26 921/1088/26 1036/1220/26
f 939/1083/26 917/1082/26 1020/1222/26
f 915/1076/26 1012/1474/26 1003/1224/26
f 937/1070/26 1100/1734/26 995/1225/26
f 935/1065/26 909/1064/26 988/1226/26
f 907/1058/26 980/1735/26 1083/1228/26
f 905/1052/26 972/1736/26 963/1229/26
f 899/1047/26 901/1046/26 956/1230/26
f 929/1232/516 1068/1507/516 1079/1233/516
f 1108/1234/16 1019/1359/16 1024/1235/16
f 933/1055/525 1083/1408/525 1088/1237/525
f 903/1049/526 963/1314/526 968/1238/526
f 913/1073/527 1003/1345/527 1008/1239/527
f 908/1180/528 983/1322/528 980/1240/528
f 1028/1241/18 1035/1371/18 1040/1242/18
f 912/1167/516 1000/1480/516 1103/1244/516
f 935/1061/529 1091/1414/529 1096/1246/529
f 922/1139/521 1039/1366/521 1036/1247/521
f 1084/1248/8 979/1327/8 984/1249/8
f 922/1251/516 920/1142/516 1032/1252/516
f 902/1196/530 959/1737/530 956/1254/530
f 924/1130/531 1047/1373/531 1044/1255/531
f 928/1111/520 1063/1738/520 1060/1256/520
f 938/1163/519 1103/1415/519 1100/1257/519
f 900/1200/516 952/1502/516 959/1258/516
f 926/1115/516 1056/1450/516 1063/1260/516
f 911/1067/532 995/1338/532 1000/1262/532
f 1092/1263/10 987/1333/10 992/1264/10
f 1116/1266/20 1043/1378/20 1048/1267/20
f 936/1176/516 1096/1486/516 991/1269/516
f 939/1079/533 1107/1426/533 1112/1271/533
f 919/1085/534 1027/1365/534 1032/1272/534
f 996/1273/12 1099/1420/12 1104/1274/12
f 918/1276/516 940/1151/516 1112/1277/516
f 930/1109/535 1071/1739/535 1068/1279/535
f 1052/1280/25 1059/1391/25 1064/1281/25
f 946/1120/536 1135/1441/536 1132/1283/536
f 941/1091/537 1115/1432/537 1120/1284/537
f 948/1285/4 955/1308/4 960/1286/4
f 932/1206/538 1079/1397/538 1076/1288/538
f 943/1097/539 1123/1439/539 1128/1289/539
f 910/1172/540 991/1328/540 988/1290/540
f 1004/1291/14 1011/1352/14 1016/1292/14
f 1072/1294/2 1075/1402/2 1080/1295/2
f 951/1287/541 953/1298/541 950/1297/541
f 953/1298/542 954/1740/542 949/1299/542
f 949/1300/543 954/1741/543 952/1301/543
f 956/1254/717 959/1737/717 961/1303/717
f 958/1304/718 961/1303/718 962/1305/718
f 962/1307/546 960/1286/546 955/1308/546
f 967/1189/547 969/1311/547 966/1310/547
f 969/1311/548 970/1742/548 965/1312/548
f 970/1313/549 968/1238/549 963/1314/549
f 975/1316/550 977/1743/550 974/1317/550
f 974/1317/551 977/1743/551 978/1318/551
f 973/1320/552 978/1496/552 976/1188/552
f 983/1322/553 985/1744/553 982/1323/553
f 982/1323/554 985/1744/554 986/1324/554
f 981/1326/555 986/1490/555 984/1249/555
f 991/1328/556 993/1745/556 990/1329/556
f 990/1329/557 993/1745/557 994/1330/557
f 989/1332/558 994/1483/558 992/1264/558
f 999/1275/719 1001/1477/719 998/1334/719
f 998/1334/560 1001/1477/560 1002/1335/560
f 1002/1337/561 1000/1262/561 995/1338/561
f 1004/1291/720 1007/1293/720 1009/1340/720
f 1006/1341/563 1009/1340/563 1010/1342/563
f 1010/1344/564 1008/1239/564 1003/1345/564
f 1015/1347/565 1017/1746/565 1014/1348/565
f 1014/1348/566 1017/1746/566 1018/1349/566
f 1018/1351/567 1016/1292/567 1011/1352/567
f 1023/1354/721 1025/1747/721 1022/1355/721
f 1022/1355/722 1025/1747/722 1026/1356/722
f 1026/1358/570 1024/1235/570 1019/1359/570
f 1028/1241/571 1031/1243/571 1033/1361/571
f 1033/1361/572 1034/1748/572 1029/1363/572
f 1029/1364/573 1034/1749/573 1032/1272/573
f 1039/1366/574 1041/1750/574 1038/1367/574
f 1038/1367/575 1041/1750/575 1042/1368/575
f 1042/1370/576 1040/1242/576 1035/1371/576
f 1047/1373/577 1049/1375/577 1046/1374/577
f 1049/1375/578 1050/1751/578 1045/1376/578
f 1050/1377/579 1048/1267/579 1043/1378/579
f 1052/1280/580 1055/1282/580 1057/1380/580
f 1057/1380/581 1058/1752/581 1053/1382/581
f 1058/1383/582 1056/1154/582 1051/1384/582
f 1060/1256/583 1063/1738/583 1065/1386/583
f 1062/1387/584 1065/1386/584 1066/1388/584
f 1066/1390/585 1064/1281/585 1059/1391/585
f 1068/1279/586 1071/1739/586 1073/1393/586
f 1073/1393/587 1074/1753/587 1069/1395/587
f 1069/1396/588 1074/1511/588 1072/1294/588
f 1079/1397/589 1081/1399/589 1078/1398/589
f 1081/1399/590 1082/1754/590 1077/1400/590
f 1082/1401/591 1080/1295/591 1075/1402/591
f 1087/1250/592 1089/1489/592 1086/1404/592
f 1086/1404/593 1089/1489/593 1090/1405/593
f 1090/1407/594 1088/1237/594 1083/1408/594
f 1095/1265/595 1097/1411/595 1094/1410/595
f 1097/1411/596 1098/1755/596 1093/1412/596
f 1093/1413/597 1098/1756/597 1096/1246/597
f 1103/1415/598 1105/1757/598 1102/1416/598
f 1102/1416/599 1105/1757/599 1106/1417/599
f 1106/1419/723 1104/1274/723 1099/1420/723
f 1111/1236/601 1113/1423/601 1110/1422/601
f 1113/1423/602 1114/1758/602 1109/1424/602
f 1114/1425/603 1112/1271/603 1107/1426/603
f 1116/1266/604 1119/1268/604 1121/1428/604
f 1121/1428/605 1122/1759/605 1117/1430/605
f 1122/1431/606 1120/1284/606 1115/1432/606
f 1124/1203/607 1127/1205/607 1129/1434/607
f 1126/1435/608 1129/1434/608 1130/1436/608
f 1130/1438/724 1128/1289/724 1123/1439/724
f 1135/1441/610 1137/1443/610 1134/1442/610
f 1137/1443/611 1138/1760/611 1133/1444/611
f 1138/1445/612 1136/1204/612 1131/1446/612
f 1064/1281/613 1066/1390/613 1057/1380/613
f 1066/1390/614 1065/1449/614 1058/1448/614
f 1065/1449/725 1063/1260/725 1056/1450/725
f 1060/1451/726 1062/1453/726 1053/1452/726
f 1062/1453/727 1061/1392/727 1054/1381/727
f 1061/1392/618 1059/1391/618 1052/1280/618
f 1127/1205/619 1136/1204/619 1138/1445/619
f 1138/1445/620 1137/1455/620 1130/1454/620
f 1137/1455/728 1135/1145/728 1128/1456/728
f 1132/1216/622 1134/1761/622 1125/1457/622
f 1125/1457/623 1134/1761/623 1133/1447/623
f 1126/1435/624 1133/1447/624 1131/1446/624
f 1048/1267/729 1050/1377/729 1121/1428/729
f 1121/1428/626 1050/1377/626 1049/1458/626
f 1122/1459/627 1049/1458/627 1047/1128/627
f 1044/1218/730 1046/1462/730 1117/1461/730
f 1046/1462/629 1045/1379/629 1118/1429/629
f 1045/1379/731 1043/1378/731 1116/1266/731
f 1031/1243/631 1040/1242/631 1042/1370/631
f 1042/1370/632 1041/1464/632 1034/1463/632
f 1041/1464/633 1039/1253/633 1032/1252/633
f 1036/1220/634 1038/1466/634 1029/1465/634
f 1038/1466/635 1037/1372/635 1030/1362/635
f 1037/1372/636 1035/1371/636 1028/1241/636
f 1024/1235/637 1026/1358/637 1113/1423/637
f 1113/1423/638 1026/1358/638 1025/1467/638
f 1114/1468/639 1025/1467/639 1023/1278/639
f 1020/1222/640 1022/1470/640 1109/1469/640
f 1022/1470/641 1021/1360/641 1110/1422/641
f 1021/1360/642 1019/1359/642 1108/1234/642
f 1016/1292/732 1018/1351/732 1009/1340/732
f 1018/1351/644 1017/1472/644 1010/1471/644
f 1017/1472/645 1015/1170/645 1008/1473/645
f 1012/1474/733 1014/1476/733 1005/1475/733
f 1014/1476/647 1013/1353/647 1006/1341/647
f 1013/1353/648 1011/1352/648 1004/1291/648
f 1104/1274/649 1106/1419/649 1001/1477/649
f 1106/1419/650 1105/1479/650 1002/1478/650
f 1105/1479/734 1103/1244/734 1000/1480/734
f 995/1225/735 1100/1734/735 1102/1481/735
f 997/1482/653 1102/1481/653 1101/1421/653
f 1101/1421/654 1099/1420/654 996/1273/654
f 1095/1265/655 992/1264/655 994/1483/655
f 994/1483/656 993/1485/656 1098/1484/656
f 993/1485/736 991/1269/736 1096/1486/736
f 1091/1227/658 988/1226/658 990/1487/658
f 990/1487/659 989/1332/659 1094/1410/659
f 1094/1410/660 989/1332/660 987/1333/660
f 984/1249/737 986/1490/737 1089/1489/737
f 986/1490/662 985/1492/662 1090/1491/662
f 985/1492/663 983/1213/663 1088/1493/663
f 1083/1228/664 980/1735/664 982/1494/664
f 982/1494/665 981/1326/665 1086/1404/665
f 1086/1404/666 981/1326/666 979/1327/666
f 976/1188/667 978/1496/667 969/1311/667
f 978/1496/668 977/1762/668 970/1497/668
f 970/1497/669 977/1762/669 975/1138/669
f 963/1229/670 972/1736/670 974/1498/670
f 974/1498/671 973/1320/671 966/1310/671
f 973/1320/672 971/1321/672 964/1187/672
f 960/1286/673 962/1307/673 953/1298/673
f 953/1298/674 962/1307/674 961/1500/674
f 961/1500/675 959/1258/675 952/1502/675
f 947/1231/676 956/1230/676 958/1503/676
f 949/1504/677 958/1503/677 957/1309/677
f 957/1309/678 955/1308/678 948/1285/678
f 1080/1295/679 1082/1401/679 1069/1396/679
f 1082/1401/680 1081/1506/680 1070/1505/680
f 1081/1506/738 1079/1233/738 1068/1507/738
f 1076/1508/739 1078/1510/739 1073/1509/739
f 1078/1510/683 1077/1403/683 1074/1511/683
f 1077/1403/740 1075/1402/740 1072/1294/740
f 899/1043/685 947/1302/685 952/1301/685
f 877/1512/518 1140/1024/518 1139/1026/518
f 881/1514/518 1141/1516/518 1140/1024/518
f 880/1515/518 1142/1025/518 1141/1516/518
f 876/1513/518 1139/1026/518 1142/1025/518
f 881/1517/519 1144/1027/519 1143/1029/519
f 879/1519/519 1145/1521/519 1144/1027/519
f 878/1520/519 1146/1028/519 1145/1521/519
f 880/1518/519 1143/1029/519 1146/1028/519
f 880/1515/26 1148/1525/26 1147/1522/26
f 878/1524/26 1149/1527/26 1148/1525/26
f 874/1526/26 1150/1528/26 1149/1527/26
f 876/1523/26 1147/1522/26 1150/1528/26
f 875/1529/520 1152/1030/520 1151/1032/520
f 877/1531/520 1153/1532/520 1152/1030/520
f 876/1523/520 1154/1031/520 1153/1532/520
f 874/1530/520 1151/1032/520 1154/1031/520
f 879/1533/521 1156/1033/521 1155/1035/521
f 875/1529/521 1157/1535/521 1156/1033/521
f 874/1530/521 1158/1034/521 1157/1535/521
f 878/1534/521 1155/1035/521 1158/1034/521
f 877/1536/516 1160/1036/516 1159/1038/516
f 875/1538/516 1161/1540/516 1160/1036/516
f 879/1539/516 1162/1037/516 1161/1540/516
f 881/1537/516 1159/1038/516 1162/1037/516
f 1194/1569/518 1195/1588/518 1196/1570/518
f 1198/1572/520 1199/1593/520 1200/1573/520
f 1206/1575/519 1207/1604/519 1208/1576/519
f 1210/1578/521 1211/1607/521 1212/1579/521
f 1214/1581/26 1215/1612/26 1216/1582/26
f 1188/1584/518 1194/1569/518 1193/1571/518
f 1192/1586/518 1195/1588/518 1194/1569/518
f 1191/1587/518 1196/1570/518 1195/1588/518
f 1187/1585/518 1193/1571/518 1196/1570/518
f 1192/1589/520 1198/1572/520 1197/1574/520
f 1190/1591/520 1199/1593/520 1198/1572/520
f 1189/1592/520 1200/1573/520 1199/1593/520
f 1191/1590/520 1197/1574/520 1200/1573/520
f 1191/1587/516 1202/1597/516 1201/1594/516
f 1189/1596/516 1203/1599/516 1202/1597/516
f 1185/1598/516 1204/1600/516 1203/1599/516
f 1187/1595/516 1201/1594/516 1204/1600/516
f 1186/1601/519 1206/1575/519 1205/1577/519
f 1188/1603/519 1207/1604/519 1206/1575/519
f 1187/1595/519 1208/1576/519 1207/1604/519
f 1185/1602/519 1205/1577/519 1208/1576/519
f 1190/1605/521 1210/1578/521 1209/1580/521
f 1186/1601/521 1211/1607/521 1210/1578/521
f 1185/1602/521 1212/1579/521 1211/1607/521
f 1189/1606/521 1209/1580/521 1212/1579/521
f 1188/1608/26 1214/1581/26 1213/1583/26
f 1186/1610/26 1215/1612/26 1214/1581/26
f 1190/1611/26 1216/1582/26 1215/1612/26
f 1192/1609/26 1213/1583/26 1216/1582/26
